CREATE DATABASE  IF NOT EXISTS `medicaldatav4` /*!40100 DEFAULT CHARACTER SET utf8mb4 COLLATE utf8mb4_0900_ai_ci */ /*!80016 DEFAULT ENCRYPTION='N' */;
USE `medicaldatav4`;
-- MySQL dump 10.13  Distrib 8.0.38, for Win64 (x86_64)
--
-- Host: 127.0.0.1    Database: medicaldatav4
-- ------------------------------------------------------
-- Server version	8.0.39

/*!40101 SET @OLD_CHARACTER_SET_CLIENT=@@CHARACTER_SET_CLIENT */;
/*!40101 SET @OLD_CHARACTER_SET_RESULTS=@@CHARACTER_SET_RESULTS */;
/*!40101 SET @OLD_COLLATION_CONNECTION=@@COLLATION_CONNECTION */;
/*!50503 SET NAMES utf8 */;
/*!40103 SET @OLD_TIME_ZONE=@@TIME_ZONE */;
/*!40103 SET TIME_ZONE='+00:00' */;
/*!40014 SET @OLD_UNIQUE_CHECKS=@@UNIQUE_CHECKS, UNIQUE_CHECKS=0 */;
/*!40014 SET @OLD_FOREIGN_KEY_CHECKS=@@FOREIGN_KEY_CHECKS, FOREIGN_KEY_CHECKS=0 */;
/*!40101 SET @OLD_SQL_MODE=@@SQL_MODE, SQL_MODE='NO_AUTO_VALUE_ON_ZERO' */;
/*!40111 SET @OLD_SQL_NOTES=@@SQL_NOTES, SQL_NOTES=0 */;

--
-- Table structure for table `auth_group`
--

DROP TABLE IF EXISTS `auth_group`;
/*!40101 SET @saved_cs_client     = @@character_set_client */;
/*!50503 SET character_set_client = utf8mb4 */;
CREATE TABLE `auth_group` (
  `id` int NOT NULL AUTO_INCREMENT,
  `name` varchar(150) NOT NULL,
  PRIMARY KEY (`id`),
  UNIQUE KEY `name` (`name`)
) ENGINE=InnoDB DEFAULT CHARSET=utf8mb4 COLLATE=utf8mb4_0900_ai_ci;
/*!40101 SET character_set_client = @saved_cs_client */;

--
-- Dumping data for table `auth_group`
--

LOCK TABLES `auth_group` WRITE;
/*!40000 ALTER TABLE `auth_group` DISABLE KEYS */;
/*!40000 ALTER TABLE `auth_group` ENABLE KEYS */;
UNLOCK TABLES;

--
-- Table structure for table `auth_group_permissions`
--

DROP TABLE IF EXISTS `auth_group_permissions`;
/*!40101 SET @saved_cs_client     = @@character_set_client */;
/*!50503 SET character_set_client = utf8mb4 */;
CREATE TABLE `auth_group_permissions` (
  `id` bigint NOT NULL AUTO_INCREMENT,
  `group_id` int NOT NULL,
  `permission_id` int NOT NULL,
  PRIMARY KEY (`id`),
  UNIQUE KEY `auth_group_permissions_group_id_permission_id_0cd325b0_uniq` (`group_id`,`permission_id`),
  KEY `auth_group_permissio_permission_id_84c5c92e_fk_auth_perm` (`permission_id`),
  CONSTRAINT `auth_group_permissio_permission_id_84c5c92e_fk_auth_perm` FOREIGN KEY (`permission_id`) REFERENCES `auth_permission` (`id`),
  CONSTRAINT `auth_group_permissions_group_id_b120cbf9_fk_auth_group_id` FOREIGN KEY (`group_id`) REFERENCES `auth_group` (`id`)
) ENGINE=InnoDB DEFAULT CHARSET=utf8mb4 COLLATE=utf8mb4_0900_ai_ci;
/*!40101 SET character_set_client = @saved_cs_client */;

--
-- Dumping data for table `auth_group_permissions`
--

LOCK TABLES `auth_group_permissions` WRITE;
/*!40000 ALTER TABLE `auth_group_permissions` DISABLE KEYS */;
/*!40000 ALTER TABLE `auth_group_permissions` ENABLE KEYS */;
UNLOCK TABLES;

--
-- Table structure for table `auth_permission`
--

DROP TABLE IF EXISTS `auth_permission`;
/*!40101 SET @saved_cs_client     = @@character_set_client */;
/*!50503 SET character_set_client = utf8mb4 */;
CREATE TABLE `auth_permission` (
  `id` int NOT NULL AUTO_INCREMENT,
  `name` varchar(255) NOT NULL,
  `content_type_id` int NOT NULL,
  `codename` varchar(100) NOT NULL,
  PRIMARY KEY (`id`),
  UNIQUE KEY `auth_permission_content_type_id_codename_01ab375a_uniq` (`content_type_id`,`codename`),
  CONSTRAINT `auth_permission_content_type_id_2f476e4b_fk_django_co` FOREIGN KEY (`content_type_id`) REFERENCES `django_content_type` (`id`)
) ENGINE=InnoDB AUTO_INCREMENT=25 DEFAULT CHARSET=utf8mb4 COLLATE=utf8mb4_0900_ai_ci;
/*!40101 SET character_set_client = @saved_cs_client */;

--
-- Dumping data for table `auth_permission`
--

LOCK TABLES `auth_permission` WRITE;
/*!40000 ALTER TABLE `auth_permission` DISABLE KEYS */;
INSERT INTO `auth_permission` VALUES (1,'Can add log entry',1,'add_logentry'),(2,'Can change log entry',1,'change_logentry'),(3,'Can delete log entry',1,'delete_logentry'),(4,'Can view log entry',1,'view_logentry'),(5,'Can add permission',2,'add_permission'),(6,'Can change permission',2,'change_permission'),(7,'Can delete permission',2,'delete_permission'),(8,'Can view permission',2,'view_permission'),(9,'Can add group',3,'add_group'),(10,'Can change group',3,'change_group'),(11,'Can delete group',3,'delete_group'),(12,'Can view group',3,'view_group'),(13,'Can add user',4,'add_user'),(14,'Can change user',4,'change_user'),(15,'Can delete user',4,'delete_user'),(16,'Can view user',4,'view_user'),(17,'Can add content type',5,'add_contenttype'),(18,'Can change content type',5,'change_contenttype'),(19,'Can delete content type',5,'delete_contenttype'),(20,'Can view content type',5,'view_contenttype'),(21,'Can add session',6,'add_session'),(22,'Can change session',6,'change_session'),(23,'Can delete session',6,'delete_session'),(24,'Can view session',6,'view_session');
/*!40000 ALTER TABLE `auth_permission` ENABLE KEYS */;
UNLOCK TABLES;

--
-- Table structure for table `auth_user`
--

DROP TABLE IF EXISTS `auth_user`;
/*!40101 SET @saved_cs_client     = @@character_set_client */;
/*!50503 SET character_set_client = utf8mb4 */;
CREATE TABLE `auth_user` (
  `id` int NOT NULL AUTO_INCREMENT,
  `password` varchar(128) NOT NULL,
  `last_login` datetime(6) DEFAULT NULL,
  `is_superuser` tinyint(1) NOT NULL,
  `username` varchar(150) NOT NULL,
  `first_name` varchar(150) NOT NULL,
  `last_name` varchar(150) NOT NULL,
  `email` varchar(254) NOT NULL,
  `is_staff` tinyint(1) NOT NULL,
  `is_active` tinyint(1) NOT NULL,
  `date_joined` datetime(6) NOT NULL,
  PRIMARY KEY (`id`),
  UNIQUE KEY `username` (`username`)
) ENGINE=InnoDB DEFAULT CHARSET=utf8mb4 COLLATE=utf8mb4_0900_ai_ci;
/*!40101 SET character_set_client = @saved_cs_client */;

--
-- Dumping data for table `auth_user`
--

LOCK TABLES `auth_user` WRITE;
/*!40000 ALTER TABLE `auth_user` DISABLE KEYS */;
/*!40000 ALTER TABLE `auth_user` ENABLE KEYS */;
UNLOCK TABLES;

--
-- Table structure for table `auth_user_groups`
--

DROP TABLE IF EXISTS `auth_user_groups`;
/*!40101 SET @saved_cs_client     = @@character_set_client */;
/*!50503 SET character_set_client = utf8mb4 */;
CREATE TABLE `auth_user_groups` (
  `id` bigint NOT NULL AUTO_INCREMENT,
  `user_id` int NOT NULL,
  `group_id` int NOT NULL,
  PRIMARY KEY (`id`),
  UNIQUE KEY `auth_user_groups_user_id_group_id_94350c0c_uniq` (`user_id`,`group_id`),
  KEY `auth_user_groups_group_id_97559544_fk_auth_group_id` (`group_id`),
  CONSTRAINT `auth_user_groups_group_id_97559544_fk_auth_group_id` FOREIGN KEY (`group_id`) REFERENCES `auth_group` (`id`),
  CONSTRAINT `auth_user_groups_user_id_6a12ed8b_fk_auth_user_id` FOREIGN KEY (`user_id`) REFERENCES `auth_user` (`id`)
) ENGINE=InnoDB DEFAULT CHARSET=utf8mb4 COLLATE=utf8mb4_0900_ai_ci;
/*!40101 SET character_set_client = @saved_cs_client */;

--
-- Dumping data for table `auth_user_groups`
--

LOCK TABLES `auth_user_groups` WRITE;
/*!40000 ALTER TABLE `auth_user_groups` DISABLE KEYS */;
/*!40000 ALTER TABLE `auth_user_groups` ENABLE KEYS */;
UNLOCK TABLES;

--
-- Table structure for table `auth_user_user_permissions`
--

DROP TABLE IF EXISTS `auth_user_user_permissions`;
/*!40101 SET @saved_cs_client     = @@character_set_client */;
/*!50503 SET character_set_client = utf8mb4 */;
CREATE TABLE `auth_user_user_permissions` (
  `id` bigint NOT NULL AUTO_INCREMENT,
  `user_id` int NOT NULL,
  `permission_id` int NOT NULL,
  PRIMARY KEY (`id`),
  UNIQUE KEY `auth_user_user_permissions_user_id_permission_id_14a6b632_uniq` (`user_id`,`permission_id`),
  KEY `auth_user_user_permi_permission_id_1fbb5f2c_fk_auth_perm` (`permission_id`),
  CONSTRAINT `auth_user_user_permi_permission_id_1fbb5f2c_fk_auth_perm` FOREIGN KEY (`permission_id`) REFERENCES `auth_permission` (`id`),
  CONSTRAINT `auth_user_user_permissions_user_id_a95ead1b_fk_auth_user_id` FOREIGN KEY (`user_id`) REFERENCES `auth_user` (`id`)
) ENGINE=InnoDB DEFAULT CHARSET=utf8mb4 COLLATE=utf8mb4_0900_ai_ci;
/*!40101 SET character_set_client = @saved_cs_client */;

--
-- Dumping data for table `auth_user_user_permissions`
--

LOCK TABLES `auth_user_user_permissions` WRITE;
/*!40000 ALTER TABLE `auth_user_user_permissions` DISABLE KEYS */;
/*!40000 ALTER TABLE `auth_user_user_permissions` ENABLE KEYS */;
UNLOCK TABLES;

--
-- Table structure for table `django_admin_log`
--

DROP TABLE IF EXISTS `django_admin_log`;
/*!40101 SET @saved_cs_client     = @@character_set_client */;
/*!50503 SET character_set_client = utf8mb4 */;
CREATE TABLE `django_admin_log` (
  `id` int NOT NULL AUTO_INCREMENT,
  `action_time` datetime(6) NOT NULL,
  `object_id` longtext,
  `object_repr` varchar(200) NOT NULL,
  `action_flag` smallint unsigned NOT NULL,
  `change_message` longtext NOT NULL,
  `content_type_id` int DEFAULT NULL,
  `user_id` int NOT NULL,
  PRIMARY KEY (`id`),
  KEY `django_admin_log_content_type_id_c4bce8eb_fk_django_co` (`content_type_id`),
  KEY `django_admin_log_user_id_c564eba6_fk_auth_user_id` (`user_id`),
  CONSTRAINT `django_admin_log_content_type_id_c4bce8eb_fk_django_co` FOREIGN KEY (`content_type_id`) REFERENCES `django_content_type` (`id`),
  CONSTRAINT `django_admin_log_user_id_c564eba6_fk_auth_user_id` FOREIGN KEY (`user_id`) REFERENCES `auth_user` (`id`),
  CONSTRAINT `django_admin_log_chk_1` CHECK ((`action_flag` >= 0))
) ENGINE=InnoDB DEFAULT CHARSET=utf8mb4 COLLATE=utf8mb4_0900_ai_ci;
/*!40101 SET character_set_client = @saved_cs_client */;

--
-- Dumping data for table `django_admin_log`
--

LOCK TABLES `django_admin_log` WRITE;
/*!40000 ALTER TABLE `django_admin_log` DISABLE KEYS */;
/*!40000 ALTER TABLE `django_admin_log` ENABLE KEYS */;
UNLOCK TABLES;

--
-- Table structure for table `django_content_type`
--

DROP TABLE IF EXISTS `django_content_type`;
/*!40101 SET @saved_cs_client     = @@character_set_client */;
/*!50503 SET character_set_client = utf8mb4 */;
CREATE TABLE `django_content_type` (
  `id` int NOT NULL AUTO_INCREMENT,
  `app_label` varchar(100) NOT NULL,
  `model` varchar(100) NOT NULL,
  PRIMARY KEY (`id`),
  UNIQUE KEY `django_content_type_app_label_model_76bd3d3b_uniq` (`app_label`,`model`)
) ENGINE=InnoDB AUTO_INCREMENT=7 DEFAULT CHARSET=utf8mb4 COLLATE=utf8mb4_0900_ai_ci;
/*!40101 SET character_set_client = @saved_cs_client */;

--
-- Dumping data for table `django_content_type`
--

LOCK TABLES `django_content_type` WRITE;
/*!40000 ALTER TABLE `django_content_type` DISABLE KEYS */;
INSERT INTO `django_content_type` VALUES (1,'admin','logentry'),(3,'auth','group'),(2,'auth','permission'),(4,'auth','user'),(5,'contenttypes','contenttype'),(6,'sessions','session');
/*!40000 ALTER TABLE `django_content_type` ENABLE KEYS */;
UNLOCK TABLES;

--
-- Table structure for table `django_migrations`
--

DROP TABLE IF EXISTS `django_migrations`;
/*!40101 SET @saved_cs_client     = @@character_set_client */;
/*!50503 SET character_set_client = utf8mb4 */;
CREATE TABLE `django_migrations` (
  `id` bigint NOT NULL AUTO_INCREMENT,
  `app` varchar(255) NOT NULL,
  `name` varchar(255) NOT NULL,
  `applied` datetime(6) NOT NULL,
  PRIMARY KEY (`id`)
) ENGINE=InnoDB AUTO_INCREMENT=19 DEFAULT CHARSET=utf8mb4 COLLATE=utf8mb4_0900_ai_ci;
/*!40101 SET character_set_client = @saved_cs_client */;

--
-- Dumping data for table `django_migrations`
--

LOCK TABLES `django_migrations` WRITE;
/*!40000 ALTER TABLE `django_migrations` DISABLE KEYS */;
INSERT INTO `django_migrations` VALUES (1,'contenttypes','0001_initial','2024-12-03 15:19:20.443831'),(2,'auth','0001_initial','2024-12-03 15:19:21.206172'),(3,'admin','0001_initial','2024-12-03 15:19:21.411648'),(4,'admin','0002_logentry_remove_auto_add','2024-12-03 15:19:21.425648'),(5,'admin','0003_logentry_add_action_flag_choices','2024-12-03 15:19:21.435396'),(6,'contenttypes','0002_remove_content_type_name','2024-12-03 15:19:21.565093'),(7,'auth','0002_alter_permission_name_max_length','2024-12-03 15:19:21.666361'),(8,'auth','0003_alter_user_email_max_length','2024-12-03 15:19:21.750478'),(9,'auth','0004_alter_user_username_opts','2024-12-03 15:19:21.764471'),(10,'auth','0005_alter_user_last_login_null','2024-12-03 15:19:21.854130'),(11,'auth','0006_require_contenttypes_0002','2024-12-03 15:19:21.862175'),(12,'auth','0007_alter_validators_add_error_messages','2024-12-03 15:19:21.878301'),(13,'auth','0008_alter_user_username_max_length','2024-12-03 15:19:21.993410'),(14,'auth','0009_alter_user_last_name_max_length','2024-12-03 15:19:22.078099'),(15,'auth','0010_alter_group_name_max_length','2024-12-03 15:19:22.095736'),(16,'auth','0011_update_proxy_permissions','2024-12-03 15:19:22.106769'),(17,'auth','0012_alter_user_first_name_max_length','2024-12-03 15:19:22.166735'),(18,'sessions','0001_initial','2024-12-03 15:19:22.209833');
/*!40000 ALTER TABLE `django_migrations` ENABLE KEYS */;
UNLOCK TABLES;

--
-- Table structure for table `django_session`
--

DROP TABLE IF EXISTS `django_session`;
/*!40101 SET @saved_cs_client     = @@character_set_client */;
/*!50503 SET character_set_client = utf8mb4 */;
CREATE TABLE `django_session` (
  `session_key` varchar(40) NOT NULL,
  `session_data` longtext NOT NULL,
  `expire_date` datetime(6) NOT NULL,
  PRIMARY KEY (`session_key`),
  KEY `django_session_expire_date_a5c62663` (`expire_date`)
) ENGINE=InnoDB DEFAULT CHARSET=utf8mb4 COLLATE=utf8mb4_0900_ai_ci;
/*!40101 SET character_set_client = @saved_cs_client */;

--
-- Dumping data for table `django_session`
--

LOCK TABLES `django_session` WRITE;
/*!40000 ALTER TABLE `django_session` DISABLE KEYS */;
INSERT INTO `django_session` VALUES ('70ricgrll40egb306pps83llncj3ugpk','eyJwcmV2aW91c190YWJsZSI6IlBlcnNvbiJ9:1tJ9di:l5w3yoY_yXz3g8fNmtTn9lvlJwh92pGgvRrtLISVFRA','2024-12-19 11:03:22.319609'),('7mrcwn4rg5njtvqdnql499bmqn0wkluf','eyJwcmV2aW91c190YWJsZSI6IlByb2R1Y3QifQ:1tJ8yH:hi972j29eEV19whL9prm8E5As0LUa5QJ-HncdDI_sZ0','2024-12-19 10:20:33.025718');
/*!40000 ALTER TABLE `django_session` ENABLE KEYS */;
UNLOCK TABLES;

--
-- Table structure for table `injection`
--

DROP TABLE IF EXISTS `injection`;
/*!40101 SET @saved_cs_client     = @@character_set_client */;
/*!50503 SET character_set_client = utf8mb4 */;
CREATE TABLE `injection` (
  `id` int NOT NULL,
  `drug` int NOT NULL,
  `injection` varchar(50) DEFAULT NULL,
  PRIMARY KEY (`id`)
) ENGINE=InnoDB DEFAULT CHARSET=utf8mb4 COLLATE=utf8mb4_0900_ai_ci;
/*!40101 SET character_set_client = @saved_cs_client */;

--
-- Dumping data for table `injection`
--

LOCK TABLES `injection` WRITE;
/*!40000 ALTER TABLE `injection` DISABLE KEYS */;
INSERT INTO `injection` VALUES (1,1,'INJECTION, SOLUTION'),(2,1,'Capsule'),(3,2,'Dry Powder'),(4,2,NULL),(5,1,'Solution for injection in pre-filled pen'),(6,1,'Injection'),(7,1,'Injection'),(8,1,NULL),(9,1,'INJECTION, SOLUTION'),(10,1,'Solution for injection in pre-filled syringe'),(11,1,NULL),(12,1,'Solution for injection in pre-filled pen'),(13,1,'Solution for injection in pre-filled pen'),(14,1,'Solution for injection in pre-filled pen'),(15,1,'Solution for injection in pre-filled pen'),(16,1,'Powder for oral solution'),(17,1,NULL),(18,1,NULL),(19,1,'Solution for injection in pre-filled pen'),(20,1,'Injection'),(21,1,'Unknown'),(22,1,'Injection'),(23,1,'Injection'),(24,1,NULL),(25,1,'Solution for injection in pre-filled pen'),(26,2,'Prolonged-release tablet'),(27,2,'Solution for injection in pre-filled syringe'),(28,1,'Solution for injection in pre-filled pen'),(29,2,'Tablet'),(30,1,'Solution for injection in pre-filled pen'),(31,1,'Unknown'),(32,1,'Solution for injection in pre-filled pen'),(33,1,'Unknown'),(34,1,'Solution for injection in pre-filled pen'),(35,1,'Solution for injection in pre-filled pen'),(36,2,'Injection'),(37,1,'Injection'),(38,1,NULL),(39,1,'Unknown'),(40,1,NULL),(41,1,'Solution for injection in pre-filled pen'),(42,1,'Solution for injection in pre-filled pen'),(43,2,'Solution for injection'),(44,1,'Solution for injection'),(45,2,'Infusion, Solution'),(46,1,NULL),(47,2,'Tablet'),(48,1,'Injection'),(49,1,'Solution for injection in pre-filled pen'),(50,1,NULL),(51,1,'Solution for injection in pre-filled pen'),(52,1,'Solution for injection in pre-filled pen'),(53,2,'Tablet'),(54,3,'Gastro-resistant tablet'),(55,1,NULL),(56,2,NULL),(57,1,'Injection'),(58,2,NULL),(59,1,'Poultice'),(60,2,NULL),(61,1,'Injection'),(62,1,'Solution for injection in pre-filled pen'),(63,1,NULL),(64,1,'Unknown'),(65,1,'Unknown'),(66,1,'Solution for injection in pre-filled pen'),(67,1,'Solution for injection'),(68,1,NULL),(69,1,'Solution for injection'),(70,2,'Tablet'),(71,1,'Solution for injection in pre-filled pen'),(72,1,'Solution for injection in pre-filled pen'),(73,2,'Prolonged-release tablet'),(74,2,'Unknown'),(75,2,'Unknown'),(76,1,'Injection'),(77,2,'Intrauterine device'),(78,1,'Solution for injection in pre-filled pen'),(79,2,'Vaginal cream'),(80,2,'Concentrate for solution for infusion'),(81,2,'Powder for solution for infusion'),(82,1,'Solution for injection in pre-filled pen'),(83,1,NULL),(84,1,NULL),(85,1,'Solution for injection in pre-filled pen'),(86,2,NULL),(87,1,NULL),(88,3,'Gastro-resistant tablet'),(89,1,'Injection'),(90,1,NULL),(91,1,NULL),(92,1,'Solution for injection'),(93,1,'Solution for injection in pre-filled pen'),(94,2,'Powder for oral solution in sachet'),(95,1,'Solution for injection'),(96,1,NULL),(97,1,'Solution for injection in pre-filled pen'),(98,1,NULL),(99,1,NULL),(100,2,'Capsule'),(101,2,'Oral solution'),(102,1,NULL),(103,1,'Solution for injection in pre-filled pen'),(104,1,'Injection'),(105,2,NULL),(106,1,'Solution for injection in pre-filled pen'),(107,1,'Solution for injection in pre-filled pen'),(108,1,'Injection'),(109,1,'Solution for injection in pre-filled pen'),(110,1,'Solution for injection'),(111,1,'Solution for injection in pre-filled pen'),(112,2,NULL),(113,2,'Tablet'),(114,1,'Solution for injection in pre-filled pen'),(115,2,NULL),(116,1,'Solution for injection in pre-filled pen'),(117,1,'Solution for injection in pre-filled pen'),(118,1,'Injection'),(119,1,NULL),(120,1,'Solution for injection'),(121,1,'Injection'),(122,1,NULL),(123,1,'Solution for injection in pre-filled pen'),(124,1,'Solution for injection'),(125,1,'Injection'),(126,1,NULL),(127,2,'Intrauterine device'),(128,1,NULL),(129,2,NULL),(130,1,'Injection'),(131,1,'Injection'),(132,1,'Solution for injection in pre-filled pen'),(133,2,'Tablet'),(134,1,NULL),(135,1,'Solution for injection'),(136,1,'Solution for injection'),(137,1,'Solution for injection in pre-filled pen'),(138,1,NULL),(139,2,'Tablet'),(140,2,'Capsule'),(141,1,'Solution for injection'),(142,1,'Solution for injection in pre-filled pen'),(143,1,NULL),(144,2,'Powder for solution for infusion'),(145,2,'Solution for injection in pre-filled pen'),(146,1,'INJECTION, SOLUTION'),(147,3,'Gastro-resistant tablet'),(148,2,NULL),(149,1,'Solution for injection'),(150,2,'Solution for injection in pre-filled pen'),(151,2,'Solution for injection in pre-filled pen'),(152,1,'Injection'),(153,1,'Solution for injection in pre-filled pen'),(154,1,'Solution for injection in pre-filled pen'),(155,1,NULL),(156,2,'Capsule, soft'),(157,1,NULL),(158,1,NULL),(159,1,'Injection'),(160,1,'Solution for injection in pre-filled pen'),(161,1,NULL),(162,1,'Unknown'),(163,1,NULL),(164,2,'Powder for solution for infusion'),(165,1,'Solution for injection'),(166,1,NULL),(167,2,'Intrauterine device'),(168,2,'Intrauterine device'),(169,2,NULL),(170,1,'Injection'),(171,2,'Tablet'),(172,1,NULL),(173,1,'Solution for injection in pre-filled pen'),(174,1,'Pre-filled syringe'),(175,1,'Solution for injection in pre-filled pen'),(176,1,'Unknown'),(177,2,'Tablet'),(178,1,'Solution for injection in pre-filled pen'),(179,1,NULL),(180,1,NULL),(181,1,'Solution for injection in pre-filled pen'),(182,1,'Solution for injection in pre-filled pen'),(183,1,'Solution for injection in pre-filled pen'),(184,1,'Solution for injection'),(185,1,'Injection'),(186,2,'Tablet'),(187,2,'Chewable tablet'),(188,1,NULL),(189,1,'Solution for injection in pre-filled pen'),(190,1,'Solution for injection in pre-filled pen'),(191,1,'Injection'),(192,2,'Tablet'),(193,1,'Solution for injection in pre-filled pen'),(194,1,'Injection'),(195,1,'Injection'),(196,1,'Solution for injection in pre-filled pen'),(197,2,'Solution for injection in pre-filled syringe'),(198,1,'Injection'),(199,1,NULL),(200,1,'Solution for injection in pre-filled pen'),(201,1,'Solution for injection in pre-filled pen'),(202,1,'Solution for injection in pre-filled pen'),(203,2,'Unknown'),(204,2,'Capsule'),(205,2,'Powder for oral solution in sachet'),(206,1,'Solution for injection'),(207,2,NULL),(208,1,'Solution for injection in pre-filled syringe'),(209,1,'Unknown'),(210,1,'Injection'),(211,1,'Unknown'),(212,1,'Solution for injection'),(213,1,NULL),(214,2,'Powder for solution for infusion'),(215,1,NULL),(216,1,'Solution for injection in pre-filled pen'),(217,1,'Injection'),(218,1,'Solution for injection in pre-filled pen'),(219,1,'Solution for injection in pre-filled pen'),(220,1,NULL),(221,1,'Injection'),(222,1,NULL),(223,1,'Injection'),(224,2,'Solution for injection in pre-filled pen'),(225,1,'Unknown'),(226,1,'Solution for injection in pre-filled pen'),(227,1,'Injection'),(228,1,'Unknown'),(229,1,'Solution for injection in pre-filled pen'),(230,1,'Injection'),(231,2,'Inhalation gas'),(232,1,'Solution for injection in pre-filled pen'),(233,1,'Solution for injection in pre-filled pen'),(234,1,'Injection'),(235,1,NULL),(236,1,'Injection'),(237,1,NULL),(238,1,'INJECTION, SOLUTION'),(239,1,'Injection'),(240,1,'Solution for injection in pre-filled pen'),(241,1,'Injection'),(242,1,'Unknown'),(243,1,NULL),(244,2,'Capsule'),(245,2,'Dry Powder'),(246,1,NULL),(247,1,NULL),(248,2,'Capsule'),(249,1,NULL),(250,1,'Solution for injection'),(251,1,'Solution for injection'),(252,1,NULL),(253,1,'Solution for injection in pre-filled pen'),(254,1,'Solution for injection in pre-filled pen'),(255,1,'Unknown'),(256,1,'Solution for injection in pre-filled pen'),(257,2,NULL),(258,2,'Prolonged-release tablet'),(259,1,'Solution for injection in pre-filled pen'),(260,1,'Solution for injection in pre-filled pen'),(261,1,NULL),(262,1,'Injection'),(263,2,NULL),(264,2,'Injection'),(265,1,'Solution for injection'),(266,1,NULL),(267,2,'Tablet'),(268,1,'Solution for injection'),(269,2,'Unknown'),(270,1,'Solution for injection in pre-filled pen'),(271,1,'Unknown'),(272,2,'Prolonged-release tablet'),(273,2,'Tablet'),(274,1,'Injection'),(275,2,'Injection'),(276,1,NULL),(277,1,NULL),(278,2,'Suppository'),(279,1,NULL),(280,1,'Injection'),(281,1,'Injection'),(282,1,'Injection'),(283,1,'Unknown'),(284,2,'Tablet'),(285,1,NULL),(286,1,NULL),(287,1,'Solution for injection in pre-filled pen'),(288,2,'Solution for injection in pre-filled syringe'),(289,1,NULL),(290,1,NULL),(291,1,'INJECTION, SOLUTION'),(292,1,'Injection'),(293,2,'Injection'),(294,1,'Solution for injection in pre-filled pen'),(295,1,NULL),(296,1,'Solution for injection in pre-filled pen'),(297,1,'Solution for injection in pre-filled pen'),(298,1,NULL),(299,1,'Unknown'),(300,1,NULL),(301,1,'Solution for injection in pre-filled pen'),(302,1,'Solution for injection'),(303,1,'Unknown'),(304,1,'Solution for injection'),(305,1,'Injection'),(306,2,'Capsule'),(307,1,'Tablet'),(308,1,NULL),(309,1,'Injection'),(310,1,NULL),(311,1,'Solution for injection in pre-filled pen'),(312,1,'Solution for injection in pre-filled pen'),(313,2,NULL),(314,1,NULL),(315,1,'Solution for injection in pre-filled pen'),(316,1,'Solution for injection in pre-filled pen'),(317,2,'Infusion'),(318,1,NULL),(319,1,'Solution for injection in pre-filled pen'),(320,1,NULL),(321,1,'Injection'),(322,2,'Capsule'),(323,1,NULL),(324,1,NULL),(325,2,'Drops'),(326,1,NULL),(327,1,'Solution for injection in pre-filled pen'),(328,1,'Injection'),(329,1,'Injection'),(330,1,'Solution for injection in pre-filled pen'),(331,1,'Solution for injection'),(332,1,'Solution for injection'),(333,2,NULL),(334,1,'Solution for injection in pre-filled pen'),(335,1,'Solution for injection'),(336,1,'Solution for injection in pre-filled pen'),(337,1,NULL),(338,1,'INJECTION, SOLUTION'),(339,1,NULL),(340,1,NULL),(341,2,'Tablet'),(342,1,'Solution for injection'),(343,1,NULL),(344,1,NULL),(345,1,'Unknown'),(346,1,'INJECTION, SOLUTION'),(347,2,'Ointment'),(348,1,'Solution for injection in pre-filled pen'),(349,2,'Capsule'),(350,1,'Solution for injection in pre-filled pen'),(351,1,'Injection'),(352,2,'Injection'),(353,2,'Tablet'),(354,1,'Solution for injection'),(355,1,NULL),(356,1,'Solution for injection in pre-filled pen'),(357,1,'Injection'),(358,1,'Solution for injection in pre-filled pen'),(359,2,'Capsule, soft'),(360,2,'Injection'),(361,1,'Solution for injection in pre-filled pen'),(362,1,'Solution for injection in pre-filled pen'),(363,1,'Injection'),(364,1,NULL),(365,1,NULL),(366,1,'Solution for injection'),(367,1,'Solution for injection in pre-filled pen'),(368,1,'Injection'),(369,1,'Solution for injection in pre-filled pen'),(370,1,'Injection'),(371,1,'Solution for injection in pre-filled pen'),(372,1,'Solution for injection in pre-filled pen'),(373,1,'Injection'),(374,1,NULL),(375,1,'Injection'),(376,1,'Solution for injection in pre-filled pen'),(377,2,'Solution for injection'),(378,1,NULL),(379,2,'Powder for solution for infusion'),(380,2,'Solution for injection'),(381,1,'Injection'),(382,1,'Injection'),(383,1,'Injection'),(384,1,'Unknown formulation'),(385,1,'Solution for injection in pre-filled pen'),(386,1,'Unknown'),(387,1,'Injection'),(388,1,NULL),(389,2,NULL),(390,1,'Solution for injection in pre-filled pen'),(391,1,'Unknown formulation'),(392,1,'Solution for injection in pre-filled pen'),(393,1,'Solution for injection in pre-filled pen'),(394,1,'Injection'),(395,1,'INJECTION, SOLUTION'),(396,1,NULL),(397,1,'Solution for injection in pre-filled pen'),(398,2,'Solution for injection in pre-filled pen'),(399,1,NULL),(400,2,'Nasal spray'),(401,1,'Injection'),(402,2,'Injection'),(403,2,'Unknown'),(404,1,'Solution for injection in pre-filled pen'),(405,1,'INJECTION, SOLUTION'),(406,2,'Unknown'),(407,1,NULL),(408,1,'INJECTION, SOLUTION'),(409,1,'Injection'),(410,1,NULL),(411,1,NULL),(412,1,'Injection'),(413,2,'CAPSULE, EXTENDED RELEASE'),(414,1,'Solution for injection in pre-filled pen'),(415,1,NULL),(416,2,NULL),(417,1,'Solution for injection in pre-filled pen'),(418,1,NULL),(419,1,'Solution for injection in pre-filled pen'),(420,2,NULL),(421,1,NULL),(422,1,'Solution for injection in pre-filled pen'),(423,1,NULL),(424,1,NULL),(425,1,'Solution for injection in pre-filled pen'),(426,2,'Injection'),(427,1,'Solution for injection in pre-filled pen'),(428,1,NULL),(429,1,'Solution for injection in pre-filled pen'),(430,1,'Solution for injection in pre-filled pen'),(431,2,'Tablet'),(432,1,'Injection'),(433,1,'INJECTION, SOLUTION'),(434,2,'Solution for injection'),(435,1,'Solution for injection in pre-filled pen'),(436,1,'Solution for injection in pre-filled pen'),(437,1,'Injection'),(438,1,'Injection'),(439,1,'Injection'),(440,1,'Solution for injection in pre-filled pen'),(441,1,'Injection'),(442,1,NULL),(443,1,'Injection'),(444,1,'Unknown'),(445,1,'Injection'),(446,1,NULL),(447,1,'INJECTION, SOLUTION'),(448,1,'Solution for injection in pre-filled pen'),(449,1,'Solution for injection in pre-filled pen'),(450,1,'Solution for injection'),(451,1,NULL),(452,1,'Solution for injection in pre-filled pen'),(453,1,NULL),(454,1,'Solution for injection in pre-filled pen'),(455,1,'Solution for injection in pre-filled pen'),(456,1,'Powder for oral solution'),(457,2,'Tablet'),(458,1,NULL),(459,1,'Solution for injection in pre-filled pen'),(460,1,'Solution for injection in pre-filled pen'),(461,2,'Powder for solution for injection'),(462,1,'Unknown'),(463,1,NULL),(464,1,'Solution for injection in pre-filled pen'),(465,1,'Solution for injection in pre-filled pen'),(466,1,'Solution for injection in pre-filled pen'),(467,1,NULL),(468,1,'Tablet'),(469,1,'Solution for injection in pre-filled pen'),(470,1,'Solution for injection'),(471,2,'Tablet'),(472,1,'Injection'),(473,1,NULL),(474,1,'Solution for injection'),(475,1,'Unknown'),(476,1,'Solution for injection in pre-filled pen'),(477,1,'Solution for injection in pre-filled pen'),(478,1,'Solution for injection'),(479,1,'Injection'),(480,2,NULL),(481,2,'INJECTION, SOLUTION'),(482,1,'Injection'),(483,2,'Dry Powder'),(484,1,'Unknown'),(485,1,'Injection'),(486,1,'Solution for injection in pre-filled pen'),(487,1,'Solution for injection in pre-filled pen'),(488,2,'Film-coated tablet'),(489,1,'Injection'),(490,2,'Film-coated tablet'),(491,1,NULL),(492,1,NULL),(493,1,'Injection'),(494,1,'Unknown formulation'),(495,1,'Injection'),(496,1,'Solution for injection in pre-filled pen'),(497,1,'Solution for injection in pre-filled pen'),(498,1,'Injection'),(499,2,'Capsule'),(500,1,'Injection'),(501,1,'Injection'),(502,2,'Unknown'),(503,1,NULL),(504,1,'INJECTION, SOLUTION'),(505,1,NULL),(506,2,'Unknown'),(507,2,'PATCH'),(508,2,'Solution for injection in pre-filled pen'),(509,2,'Solution for injection in pre-filled pen'),(510,1,'Solution for injection'),(511,1,NULL),(512,1,'Gastro-resistant tablet'),(513,1,'Injection'),(514,1,'Unknown'),(515,2,'Solution for injection in pre-filled syringe'),(516,1,'Solution for injection'),(517,1,'Injection'),(518,1,'Unknown'),(519,1,NULL),(520,2,'Infusion'),(521,1,'Solution for injection in pre-filled pen'),(522,1,NULL),(523,2,NULL),(524,1,'Solution for injection in pre-filled pen'),(525,2,'Solution for injection'),(526,1,'Solution for injection in pre-filled pen'),(527,1,'Solution for injection in pre-filled pen'),(528,1,'Solution for injection'),(529,1,'Solution for injection in pre-filled pen'),(530,1,'Solution for injection in pre-filled pen'),(531,1,'Solution for injection'),(532,2,'Injection'),(533,1,'Modified-release tablet'),(534,1,'Injection'),(535,1,NULL),(536,1,'Solution for injection in pre-filled pen'),(537,1,'Injection'),(538,1,'Injection'),(539,1,'Injection'),(540,1,'Solution for injection'),(541,1,NULL),(542,1,'Unknown formulation'),(543,1,'Injection'),(544,2,NULL),(545,1,'Injection'),(546,2,'Tablet'),(547,1,'Solution for injection'),(548,1,'Solution for injection in pre-filled pen'),(549,2,'Solution for injection in pre-filled pen'),(550,2,'Intrauterine device'),(551,2,'Capsule'),(552,2,'Solution for injection'),(553,2,'Tablet'),(554,2,'Tablet'),(555,1,NULL),(556,1,'Injection'),(557,1,'Solution for injection'),(558,1,'Solution for injection in pre-filled pen'),(559,2,'Capsule'),(560,1,'Injection'),(561,2,'Tablet'),(562,1,NULL),(563,1,'Solution for injection in pre-filled pen'),(564,1,'Solution for injection in pre-filled pen'),(565,2,'Dry Powder'),(566,1,'Solution for injection in pre-filled pen'),(567,1,'Solution for injection in pre-filled pen'),(568,1,'Solution for injection in pre-filled pen'),(569,2,'Tablet'),(570,1,'Injection'),(571,1,'Unknown'),(572,1,'Solution for injection'),(573,1,NULL),(574,1,'Injection'),(575,1,'INJECTION, SOLUTION'),(576,1,NULL),(577,1,'Solution for injection in pre-filled pen'),(578,1,NULL),(579,1,NULL),(580,1,NULL),(581,2,'Unknown'),(582,1,'Injection'),(583,1,'Unknown'),(584,1,'Injection'),(585,1,NULL),(586,1,'Injection'),(587,2,'Unknown'),(588,2,'Solution for injection'),(589,1,'Injection'),(590,2,'Injection'),(591,2,'Solution for injection in pre-filled pen'),(592,1,NULL),(593,1,NULL),(594,1,'Solution for injection'),(595,2,NULL),(596,1,'Solution for injection in pre-filled pen'),(597,1,'Solution for injection in pre-filled pen'),(598,1,'Solution for injection in pre-filled pen'),(599,1,'Injection'),(600,2,'Tablet'),(601,2,'Injection'),(602,2,'Solution for injection'),(603,1,'Injection'),(604,1,'Solution for injection in pre-filled pen'),(605,1,NULL),(606,2,'Capsule'),(607,2,'UNK'),(608,1,'Injection'),(609,1,'Unknown'),(610,1,'Solution for injection in pre-filled pen'),(611,1,'Solution for injection in pre-filled pen'),(612,2,'Tablet'),(613,1,'Injection'),(614,2,'Poultice'),(615,1,'Injection'),(616,1,NULL),(617,1,'Solution for injection'),(618,2,NULL),(619,2,'Tablet'),(620,2,'Solution for injection'),(621,1,'Solution for injection in pre-filled pen'),(622,1,NULL),(623,1,'Solution for injection in pre-filled pen'),(624,1,'Solution for injection in pre-filled pen'),(625,1,NULL),(626,1,'Solution for injection in pre-filled pen'),(627,1,'Solution for injection in pre-filled pen'),(628,1,'Solution for injection'),(629,2,'Tablet'),(630,1,NULL),(631,1,NULL),(632,1,'Solution for injection in pre-filled pen'),(633,2,'Prolonged-release tablet'),(634,1,'Solution for injection in pre-filled pen'),(635,1,'Solution'),(636,2,NULL),(637,1,'Injection'),(638,2,'Tablet'),(639,1,'Solution for injection in pre-filled pen'),(640,1,'Unknown'),(641,1,NULL),(642,1,'Solution for injection in pre-filled pen'),(643,1,'Solution for injection in pre-filled pen'),(644,1,'Solution for injection in pre-filled pen'),(645,1,'Unknown'),(646,1,NULL),(647,1,'Solution for injection'),(648,1,'Unknown'),(649,1,'Solution for injection in pre-filled pen'),(650,2,NULL),(651,2,'Capsule'),(652,1,'Injection'),(653,1,NULL),(654,1,'Solution for injection in pre-filled pen'),(655,1,NULL),(656,1,'Solution for injection'),(657,1,NULL),(658,1,'Solution for injection in pre-filled pen'),(659,1,'Solution for injection in pre-filled pen'),(660,2,'Injection'),(661,1,'Solution for injection in pre-filled pen'),(662,1,'Solution for injection in pre-filled pen'),(663,1,'Solution for injection'),(664,1,'Solution for injection'),(665,1,NULL),(666,1,'Solution for injection'),(667,2,'Powder for oral solution'),(668,1,'Injection'),(669,1,'Injection'),(670,1,NULL),(671,1,'Solution for injection in pre-filled pen'),(672,1,'Solution for injection in pre-filled pen'),(673,1,'Injection'),(674,1,NULL),(675,2,NULL),(676,1,'Solution for injection in pre-filled pen'),(677,1,NULL),(678,1,'Solution for injection in pre-filled pen'),(679,2,'Tablet'),(680,2,NULL),(681,1,'Injection'),(682,2,'Unknown'),(683,1,'Solution for injection in pre-filled pen'),(684,1,'Solution for injection in pre-filled pen'),(685,1,NULL),(686,1,'Film-coated tablet'),(687,1,'Injection'),(688,2,NULL),(689,2,'Capsule'),(690,1,NULL),(691,1,'Unknown'),(692,1,'Solution for injection'),(693,1,'Injection'),(694,1,'Injection'),(695,1,'Solution for injection in pre-filled pen'),(696,1,'Injection'),(697,1,'Solution for injection in pre-filled pen'),(698,1,'Solution for injection in pre-filled pen'),(699,1,'Solution for injection in pre-filled pen'),(700,1,NULL),(701,1,'Injection'),(702,1,'Solution for injection in pre-filled pen'),(703,1,NULL),(704,1,'Solution for injection in pre-filled pen'),(705,1,NULL),(706,2,NULL),(707,1,'Solution for injection'),(708,1,'Injection'),(709,1,NULL),(710,1,'Solution for injection in pre-filled pen'),(711,1,'Unknown'),(712,1,'Solution for injection in pre-filled pen'),(713,1,'Solution for injection in pre-filled pen'),(714,2,'Powder for solution for infusion'),(715,1,'Solution for injection in pre-filled pen'),(716,1,'Injection'),(717,2,'Solution for injection in pre-filled pen'),(718,1,NULL),(719,1,'Solution for injection in pre-filled pen'),(720,1,'Solution for injection in pre-filled pen'),(721,2,'Capsule'),(722,1,'Solution for injection in pre-filled pen'),(723,1,'Injection'),(724,2,'Unknown'),(725,1,'Injection'),(726,1,'Injection'),(727,1,NULL),(728,1,'Solution for injection'),(729,1,NULL),(730,1,NULL),(731,1,'Injection'),(732,2,'Intrauterine device'),(733,1,'Injection'),(734,1,'Injection'),(735,1,NULL),(736,1,NULL),(737,1,'Solution for injection in pre-filled pen'),(738,1,'Tablet'),(739,2,'Tablet'),(740,1,'Solution for injection in pre-filled syringe'),(741,1,NULL),(742,2,'Solution for injection in pre-filled pen'),(743,2,'Prolonged-release tablet'),(744,1,'Injection'),(745,1,'Injection'),(746,2,NULL),(747,2,'Tablet'),(748,1,NULL),(749,1,'Solution for injection'),(750,1,'Solution for injection in pre-filled pen'),(751,1,'Injection'),(752,1,'Solution for injection in pre-filled pen'),(753,1,NULL),(754,1,'Solution for injection in pre-filled pen'),(755,1,NULL),(756,2,'Solution for injection in pre-filled pen'),(757,1,'Solution for injection in pre-filled pen'),(758,1,'INJECTION, SOLUTION'),(759,1,NULL),(760,1,NULL),(761,2,'Infusion'),(762,1,'Solution for injection in pre-filled pen'),(763,1,'Unknown'),(764,1,NULL),(765,2,NULL),(766,1,'Injection'),(767,2,NULL),(768,2,NULL),(769,1,NULL),(770,1,'Injection'),(771,2,'Gastro-resistant tablet'),(772,1,NULL),(773,1,'Solution for injection in pre-filled pen'),(774,1,'Solution for injection'),(775,1,'Solution for injection in pre-filled pen'),(776,1,'Solution for injection'),(777,2,'Solution for injection'),(778,1,'Solution for injection'),(779,1,'Solution for injection in pre-filled pen'),(780,1,NULL),(781,1,'Solution for injection in pre-filled pen'),(782,2,'Film-coated tablet'),(783,2,'Solution for injection'),(784,1,'Solution for injection in pre-filled pen'),(785,1,'Unknown'),(786,2,'Infusion, Solution'),(787,1,'Injection'),(788,2,'Solution for injection in pre-filled syringe'),(789,1,'Solution for injection in pre-filled pen'),(790,1,NULL),(791,1,'Solution for injection'),(792,1,'Solution for injection in pre-filled syringe'),(793,1,'Injection'),(794,1,NULL),(795,1,'Solution for injection'),(796,1,NULL),(797,1,'Unknown'),(798,1,'Solution for injection in pre-filled pen'),(799,1,NULL),(800,1,'Injection'),(801,2,NULL),(802,2,NULL),(803,1,'Solution for injection in pre-filled syringe'),(804,1,'Injection'),(805,1,'Injection'),(806,1,'Injection'),(807,1,'Solution for injection in pre-filled pen'),(808,1,'Injection'),(809,1,NULL),(810,1,'Solution for injection in pre-filled pen'),(811,2,'Solution for injection in pre-filled pen'),(812,1,'Unknown'),(813,2,'Powder for solution for infusion'),(814,1,'Solution for injection in pre-filled pen'),(815,2,NULL),(816,1,'Injection'),(817,2,'Tablet'),(818,1,'Injection'),(819,2,'UNK'),(820,1,'Solution for injection in pre-filled pen'),(821,1,'Injection'),(822,1,'Solution for injection in pre-filled syringe'),(823,1,'Unknown'),(824,1,'Injection'),(825,1,NULL),(826,2,NULL),(827,1,'Injection'),(828,1,'Solution for injection in pre-filled pen'),(829,1,'Injection'),(830,1,'Solution for injection in pre-filled pen'),(831,1,'Unknown formulation'),(832,1,'Solution for injection in pre-filled pen'),(833,2,'Tablet'),(834,1,'Solution for injection'),(835,2,'Tablet'),(836,1,'Injection'),(837,1,'Solution for injection in pre-filled pen'),(838,1,'Solution for injection in pre-filled pen'),(839,1,'INJECTION, SOLUTION'),(840,1,'Solution for injection'),(841,1,'Solution for injection'),(842,1,NULL),(843,1,NULL),(844,1,'Solution for injection in pre-filled pen'),(845,1,NULL),(846,2,'Unknown'),(847,1,NULL),(848,1,'Solution for injection in pre-filled pen'),(849,1,'Injection'),(850,1,'Injection'),(851,2,NULL),(852,1,'Solution for injection in pre-filled pen'),(853,1,'Injection'),(854,1,'Solution for injection in pre-filled pen'),(855,1,'Solution for injection in pre-filled pen'),(856,2,'Capsule'),(857,2,NULL),(858,1,'Injection'),(859,1,'Solution for injection in pre-filled pen'),(860,1,'Solution for injection in pre-filled pen'),(861,1,NULL),(862,1,NULL),(863,2,'Solution'),(864,1,'INJECTION, SOLUTION'),(865,1,'Solution for injection in pre-filled pen'),(866,1,'INJECTION, SOLUTION'),(867,2,'Tablet'),(868,1,'Injection'),(869,2,'Intrauterine device'),(870,1,'Solution for injection in pre-filled pen'),(871,1,NULL),(872,1,'Unknown'),(873,1,'Injection'),(874,1,'Solution for injection'),(875,1,'Solution for injection in pre-filled syringe'),(876,1,'Solution for injection in pre-filled pen'),(877,1,'Injection'),(878,1,'Solution for injection in pre-filled pen'),(879,2,'Solution for injection in pre-filled syringe'),(880,1,'Solution for injection in pre-filled pen'),(881,1,'Solution for injection in pre-filled pen'),(882,1,'Solution for injection in pre-filled pen'),(883,1,'Injection'),(884,2,'Powder and solvent for solution for injection in p'),(885,1,'Injection'),(886,1,NULL),(887,1,'Solution for injection'),(888,1,NULL),(889,1,'Solution for injection in pre-filled pen'),(890,1,'Unknown'),(891,1,'Solution for injection'),(892,1,NULL),(893,1,'Injection'),(894,1,'Injection'),(895,2,NULL),(896,1,'Solution for injection'),(897,1,'Solution for injection in pre-filled pen'),(898,1,'Solution for injection'),(899,1,'Solution for injection in pre-filled pen'),(900,2,'Injection'),(901,1,'Solution for injection in pre-filled syringe'),(902,1,'Injection'),(903,2,'Tablet'),(904,2,'Capsule'),(905,1,'Solution for injection in pre-filled pen'),(906,1,'Unknown'),(907,1,'Injection'),(908,1,'INJECTION, SOLUTION'),(909,2,NULL),(910,1,NULL),(911,1,'Tablet (unspecified)'),(912,1,'Solution for injection in pre-filled pen'),(913,1,'Solution for injection in pre-filled pen'),(914,2,'Tablet'),(915,1,'Solution for injection in pre-filled pen'),(916,1,'Injection'),(917,1,'Solution for injection in pre-filled pen'),(918,1,NULL),(919,2,NULL),(920,2,'Oral solution'),(921,1,'Solution for injection in pre-filled pen'),(922,2,'Infusion, Solution'),(923,1,'Injection'),(924,1,'Solution for injection in pre-filled pen'),(925,2,'Infusion, Solution'),(926,1,'Solution for injection in pre-filled pen'),(927,1,'Solution for injection in pre-filled pen'),(928,2,'Prolonged-release tablet'),(929,1,'Solution for injection'),(930,2,'Gastroenteral suspension'),(931,1,'Solution for injection in pre-filled pen'),(932,1,'INJECTION, SOLUTION'),(933,1,'Solution for injection in pre-filled pen'),(934,1,'Injection'),(935,1,'INJECTION, SOLUTION'),(936,1,'Solution for injection in pre-filled syringe'),(937,2,'Oral suspension'),(938,1,'Solution for injection'),(939,1,'Injection'),(940,2,'Solution for injection in pre-filled syringe'),(941,1,'Unknown'),(942,1,NULL),(943,1,'Solution for injection in pre-filled pen'),(944,2,'Unknown'),(945,1,'Solution for injection in pre-filled pen'),(946,2,'Intrauterine device'),(947,1,NULL),(948,1,'Solution for injection in pre-filled pen'),(949,1,'Injection'),(950,2,'Film-coated tablet'),(951,1,'Injection'),(952,1,NULL),(953,1,NULL),(954,1,'Solution for injection in pre-filled pen'),(955,1,'Solution for injection in pre-filled pen'),(956,1,'Film-coated tablet'),(957,1,'Injection'),(958,1,'Solution for injection in pre-filled pen'),(959,1,NULL),(960,1,NULL),(961,2,'Solution for infusion'),(962,2,NULL),(963,2,'Capsule'),(964,1,'Solution for injection'),(965,1,'Solution for injection in pre-filled pen'),(966,1,'Injection'),(967,1,'Solution for injection'),(968,1,'Injection'),(969,1,NULL),(970,1,'Solution for injection in pre-filled pen'),(971,1,NULL),(972,1,'Solution for injection in pre-filled pen'),(973,1,'Solution for injection in pre-filled pen'),(974,2,NULL),(975,1,'Injection'),(976,1,'Unknown'),(977,2,NULL),(978,2,'Capsule, soft'),(979,1,'Injection'),(980,1,'Solution for injection'),(981,1,'Solution for injection in pre-filled pen'),(982,1,'Solution for injection in pre-filled pen'),(983,1,'Film-coated tablet'),(984,1,'Solution for injection in pre-filled syringe'),(985,1,'Solution for injection in pre-filled pen'),(986,1,'Injection'),(987,1,NULL),(988,1,'Solution for injection in pre-filled pen'),(989,1,'Injection'),(990,1,'Solution for injection in pre-filled pen'),(991,1,'Solution for injection in pre-filled pen'),(992,1,'Injection'),(993,1,'Injection'),(994,1,'Solution for injection in pre-filled syringe'),(995,1,'Solution for injection'),(996,1,NULL),(997,2,'Capsule'),(998,1,NULL),(999,1,'Solution for injection in pre-filled pen'),(1000,1,'Injection'),(1001,1,'Solution for injection in pre-filled pen'),(1002,1,'Solution for injection in pre-filled pen'),(1003,1,'Solution for injection in pre-filled pen'),(1004,1,'Solution for injection in pre-filled pen'),(1005,1,'Solution for injection in pre-filled pen'),(1006,1,NULL),(1007,1,'Solution for injection in pre-filled pen'),(1008,1,NULL),(1009,1,'Injection'),(1010,2,'Solution for injection'),(1011,1,'Solution for injection in pre-filled pen'),(1012,1,NULL),(1013,1,'Solution for injection in pre-filled pen'),(1014,1,'Solution for injection in pre-filled pen'),(1015,1,'Solution for injection in pre-filled pen'),(1016,2,NULL),(1017,1,'Injection'),(1018,1,'Solution for injection'),(1019,2,'Inhalation gas'),(1020,1,'INJECTION, SOLUTION'),(1021,1,'Solution for injection in pre-filled pen'),(1022,1,'Injection'),(1023,1,'Injection'),(1024,1,'Unknown'),(1025,1,'Solution for injection in pre-filled pen'),(1026,2,'Solution for injection in pre-filled pen'),(1027,1,'Solution for injection in pre-filled pen'),(1028,1,NULL),(1029,2,'Enteric Coated Tablet'),(1030,1,'Unknown'),(1031,2,'Powder for oral solution'),(1032,1,NULL),(1033,1,'Solution for injection'),(1034,1,'Solution for injection in pre-filled pen'),(1035,2,'Tablet'),(1036,1,'Solution for injection'),(1037,1,'Pre-filled Pen'),(1038,2,'Powder for solution for infusion'),(1039,1,'Injection'),(1040,1,'Solution for injection in pre-filled pen'),(1041,1,'Solution for injection in pre-filled pen'),(1042,1,'Solution for injection in pre-filled pen'),(1043,2,'Tablet'),(1044,1,NULL),(1045,1,'Solution for injection in pre-filled pen'),(1046,1,'Injection'),(1047,1,NULL),(1048,1,'Injection'),(1049,1,'Solution for injection in pre-filled pen'),(1050,2,'UNK'),(1051,1,'Injection'),(1052,2,'Tablet'),(1053,1,'Solution for injection in pre-filled pen'),(1054,2,NULL),(1055,1,'Solution for injection in pre-filled pen'),(1056,2,'Capsule'),(1057,1,'Solution for injection in pre-filled pen'),(1058,1,'Solution for injection in pre-filled pen'),(1059,1,'Solution for injection in pre-filled pen'),(1060,1,NULL),(1061,2,'Unknown'),(1062,1,'Solution for injection in pre-filled pen'),(1063,2,'Solution for injection in pre-filled pen'),(1064,1,'Unknown'),(1065,1,'Film-coated tablet'),(1066,2,'Solution for injection in pre-filled pen'),(1067,2,NULL),(1068,2,NULL),(1069,2,'Unknown'),(1070,2,'Solution for injection in pre-filled pen'),(1071,2,'Unknown'),(1072,1,'Solution for injection in pre-filled pen'),(1073,1,'Solution for injection'),(1074,1,NULL),(1075,2,'Tablet'),(1076,1,'Solution for injection in pre-filled pen'),(1077,1,'INJECTION, SOLUTION'),(1078,1,NULL),(1079,1,NULL),(1080,1,'Solution for injection in pre-filled pen'),(1081,2,'Solution for injection in pre-filled pen'),(1082,1,'Solution for injection in pre-filled pen'),(1083,1,'Solution for injection'),(1084,2,'Tablet'),(1085,1,'Solution for injection in pre-filled pen'),(1086,2,'Capsule'),(1087,1,'Injection'),(1088,2,'Tablet'),(1089,2,'Intrauterine device'),(1090,2,'Gel'),(1091,2,'Tablet'),(1092,1,'UNK'),(1093,1,'Solution for injection'),(1094,1,'Unknown formulation'),(1095,1,NULL),(1096,1,'Solution for injection in pre-filled pen'),(1097,2,NULL),(1098,2,'Capsule'),(1099,1,NULL),(1100,1,'Injection'),(1101,1,'INJECTION, SOLUTION'),(1102,1,NULL),(1103,1,'Solution for injection in pre-filled pen'),(1104,1,'Solution for injection in pre-filled pen'),(1105,1,'Injection'),(1106,2,'Prolonged-release tablet'),(1107,1,'Solution for injection in pre-filled pen'),(1108,2,'Solution for injection'),(1109,1,'Solution for injection in pre-filled pen'),(1110,2,NULL),(1111,1,NULL),(1112,1,NULL),(1113,1,'Unknown'),(1114,1,'Injection'),(1115,1,'Injection'),(1116,1,'Injection'),(1117,2,NULL),(1118,1,'Solution for injection in pre-filled pen'),(1119,2,NULL),(1120,1,'INJECTION, SOLUTION'),(1121,1,'Tablet'),(1122,1,'Solution for injection in pre-filled pen'),(1123,1,'Solution for injection in pre-filled pen'),(1124,1,'Oral solution'),(1125,1,'Injection'),(1126,1,'Solution for injection in pre-filled pen'),(1127,1,NULL),(1128,1,'Injection'),(1129,1,'Solution for injection in pre-filled pen'),(1130,1,'Injection'),(1131,1,'Solution for injection in pre-filled pen'),(1132,1,'Solution for injection in pre-filled pen'),(1133,1,NULL),(1134,1,'Solution for injection in pre-filled pen'),(1135,1,'Solution for injection in pre-filled syringe'),(1136,1,NULL),(1137,2,'Unknown'),(1138,1,NULL),(1139,1,'Injection'),(1140,2,NULL),(1141,1,'Powder for oral solution in sachet'),(1142,1,'Injection'),(1143,2,'Tablet'),(1144,2,'Capsule'),(1145,1,'Unknown'),(1146,1,'Solution for injection in pre-filled pen'),(1147,1,'Injection'),(1148,1,'Solution for injection in pre-filled pen'),(1149,1,'Solution for injection in pre-filled pen'),(1150,1,'Injection'),(1151,2,'Tablet'),(1152,1,'Solution for injection'),(1153,2,NULL),(1154,2,NULL),(1155,2,'Solution for injection in pre-filled pen'),(1156,1,'Solution for injection in pre-filled pen'),(1157,1,'Solution for injection in pre-filled pen'),(1158,1,'Solution for injection in pre-filled pen'),(1159,1,'Solution for injection in pre-filled pen'),(1160,2,'Tablet'),(1161,1,'Solution for injection in pre-filled pen'),(1162,1,NULL),(1163,1,'Solution for injection in pre-filled pen'),(1164,2,NULL),(1165,1,'Solution for injection in pre-filled pen'),(1166,1,'Injection'),(1167,1,'Solution for injection in pre-filled pen'),(1168,2,'Gel for injection'),(1169,1,'Solution for injection in pre-filled pen'),(1170,2,'Capsule'),(1171,1,'Solution for injection in pre-filled pen'),(1172,2,'Tablet'),(1173,1,'Solution for injection in pre-filled syringe'),(1174,1,'Solution for injection in pre-filled pen'),(1175,1,'Injection'),(1176,1,'Solution for injection in pre-filled pen'),(1177,1,'Injection'),(1178,1,NULL),(1179,2,'Film-coated tablet'),(1180,2,'Injection'),(1181,1,'Solution for injection in pre-filled pen'),(1182,1,'Solution for injection in pre-filled pen'),(1183,1,'Solution for injection in pre-filled syringe'),(1184,1,NULL),(1185,1,'Solution for injection in pre-filled pen'),(1186,2,NULL),(1187,1,'Solution for injection in pre-filled pen'),(1188,2,'Tablet'),(1189,1,'INJECTION, SOLUTION'),(1190,2,'Tablet'),(1191,1,'Solution for injection in pre-filled pen'),(1192,1,'Solution for injection in pre-filled pen'),(1193,1,'Solution for injection'),(1194,2,'Film-coated tablet'),(1195,1,'Solution for injection in pre-filled pen'),(1196,1,'Solution for injection in pre-filled syringe'),(1197,1,'Solution for injection'),(1198,1,'Solution for injection in pre-filled pen'),(1199,2,NULL),(1200,2,'Unknown'),(1201,1,'Solution for injection in pre-filled pen'),(1202,1,NULL),(1203,1,'Solution for injection in pre-filled pen');
/*!40000 ALTER TABLE `injection` ENABLE KEYS */;
UNLOCK TABLES;

--
-- Table structure for table `person`
--

DROP TABLE IF EXISTS `person`;
/*!40101 SET @saved_cs_client     = @@character_set_client */;
/*!50503 SET character_set_client = utf8mb4 */;
CREATE TABLE `person` (
  `id` int NOT NULL,
  `age` int NOT NULL,
  `sex` int DEFAULT NULL,
  `qualification` int DEFAULT NULL,
  `country` varchar(2) NOT NULL,
  `death` int DEFAULT NULL,
  `disability` int NOT NULL,
  PRIMARY KEY (`id`)
) ENGINE=InnoDB DEFAULT CHARSET=utf8mb4 COLLATE=utf8mb4_0900_ai_ci;
/*!40101 SET character_set_client = @saved_cs_client */;

--
-- Dumping data for table `person`
--

LOCK TABLES `person` WRITE;
/*!40000 ALTER TABLE `person` DISABLE KEYS */;
INSERT INTO `person` VALUES (1,74,2,3,'US',2,2),(2,66,1,5,'CA',2,2),(3,78,1,5,'US',2,2),(4,93,2,5,'US',2,1),(5,68,1,5,'US',2,2),(6,86,2,3,'US',2,2),(7,26,1,3,'US',2,2),(8,60,2,3,'US',2,2),(9,34,2,3,'US',2,2),(10,52,2,5,'US',2,2),(11,62,2,3,'US',2,2),(12,60,1,5,'US',2,2),(13,77,2,5,'US',1,2),(14,81,1,5,'US',1,2),(15,18,2,5,'AR',2,2),(16,63,1,1,'FR',2,2),(17,62,2,2,'US',1,2),(18,46,2,3,'CZ',1,2),(19,17,2,3,'CA',2,2),(20,85,1,3,'US',2,2),(21,26,2,3,'GR',2,2),(22,54,1,3,'US',2,2),(23,62,2,3,'US',2,2),(24,88,2,NULL,'US',1,2),(25,25,1,5,'US',2,2),(26,70,2,5,'US',2,2),(27,59,2,3,'US',2,2),(28,68,2,5,'US',2,2),(29,45,2,3,'US',2,2),(30,55,2,5,'US',2,2),(31,49,1,3,'IT',2,2),(32,77,2,5,'US',2,2),(33,79,1,1,'FR',2,2),(34,45,1,5,'US',1,2),(35,33,1,5,'US',2,2),(36,88,2,3,'ES',2,2),(37,56,1,3,'US',2,2),(38,61,1,3,'US',2,2),(39,80,1,1,'IT',2,2),(40,71,1,2,'CA',2,2),(41,78,1,5,'US',2,2),(42,52,1,5,'US',2,2),(43,47,2,5,'CA',2,2),(44,46,2,5,'US',2,2),(45,55,1,5,'DE',2,2),(46,64,2,3,'US',2,2),(47,42,2,1,'US',2,2),(48,63,2,3,'US',2,2),(49,48,2,5,'US',2,2),(50,47,2,3,'US',2,2),(51,67,2,5,'US',2,2),(52,74,2,5,'US',2,2),(53,53,2,5,'US',2,2),(54,78,2,1,'ES',1,2),(55,70,2,NULL,'US',2,2),(56,56,1,2,'US',1,2),(57,51,2,3,'US',2,2),(58,66,1,5,'US',2,2),(59,48,2,5,'CA',2,2),(60,32,2,3,'MA',2,2),(61,65,2,3,'US',2,2),(62,70,1,5,'US',1,2),(63,36,2,1,'US',1,2),(64,68,1,3,'IE',1,2),(65,41,2,3,'US',2,2),(66,70,1,5,'US',2,2),(67,67,1,3,'BE',2,2),(68,58,2,3,'US',2,2),(69,25,1,3,'IE',2,2),(70,61,1,5,'US',2,2),(71,66,1,5,'US',2,2),(72,23,2,5,'US',2,2),(73,54,2,3,'US',2,2),(74,74,1,2,'IT',2,2),(75,68,2,2,'FR',2,2),(76,51,2,3,'US',2,2),(77,38,2,3,'US',2,2),(78,24,1,5,'US',2,2),(79,84,2,1,'US',2,2),(80,22,2,1,'MX',1,2),(81,76,1,1,'CA',2,2),(82,60,2,5,'US',2,2),(83,39,2,5,'ZA',2,2),(84,33,2,3,'US',2,2),(85,20,2,1,'CN',2,2),(86,76,2,3,'US',1,2),(87,56,2,5,'US',2,2),(88,78,2,1,'ES',1,2),(89,35,2,3,'US',2,2),(90,72,1,NULL,'US',1,2),(91,47,2,5,'KW',2,2),(92,72,1,5,'CA',2,2),(93,14,1,5,'US',2,2),(94,68,2,2,'FR',2,2),(95,64,2,3,'CA',2,2),(96,34,2,5,'US',2,2),(97,59,1,5,'US',2,2),(98,77,2,NULL,'US',2,2),(99,59,2,3,'US',2,2),(100,69,1,2,'US',2,2),(101,0,NULL,1,'JP',2,2),(102,60,2,3,'US',2,2),(103,83,2,5,'US',2,2),(104,56,2,3,'US',2,2),(105,33,1,NULL,'US',1,2),(106,62,1,5,'US',2,2),(107,26,2,5,'US',2,2),(108,64,2,3,'US',2,2),(109,45,2,5,'US',2,2),(110,31,2,1,'FR',2,2),(111,55,2,5,'US',2,2),(112,78,2,5,'US',2,2),(113,61,1,5,'US',2,2),(114,65,2,1,'CA',2,2),(115,68,1,5,'US',2,2),(116,80,2,5,'US',2,2),(117,30,2,5,'AT',2,2),(118,77,NULL,3,'US',2,2),(119,78,1,1,'US',1,2),(120,67,1,1,'US',2,2),(121,61,2,3,'US',2,2),(122,53,2,3,'US',2,2),(123,67,1,5,'US',1,2),(124,55,2,2,'PT',2,1),(125,44,1,3,'US',2,2),(126,76,1,NULL,'US',1,2),(127,31,2,3,'US',2,2),(128,58,NULL,5,'US',2,2),(129,86,1,3,'US',1,2),(130,66,2,3,'US',2,2),(131,37,1,3,'US',2,2),(132,68,1,5,'US',2,2),(133,83,2,5,'US',2,2),(134,31,2,3,'US',2,2),(135,73,2,5,'GB',2,2),(136,74,1,5,'CA',2,2),(137,63,1,5,'US',2,2),(138,59,2,3,'US',2,2),(139,48,2,3,'US',2,2),(140,75,1,5,'US',2,2),(141,61,2,5,'CA',2,2),(142,13,1,3,'CA',2,2),(143,71,1,3,'US',2,2),(144,32,2,5,'CA',2,2),(145,52,2,5,'US',2,2),(146,37,2,3,'US',2,2),(147,78,2,1,'ES',1,2),(148,67,2,1,'ZA',2,2),(149,54,2,3,'IE',2,2),(150,49,2,5,'US',2,2),(151,57,2,1,'CA',2,2),(152,54,2,3,'US',2,2),(153,23,2,5,'CA',2,2),(154,13,1,5,'CL',2,2),(155,88,NULL,3,'US',1,2),(156,74,1,5,'US',2,2),(157,45,2,3,'US',2,2),(158,20,2,3,'CL',2,2),(159,66,1,3,'US',2,2),(160,78,2,5,'US',2,2),(161,50,1,3,'CZ',2,2),(162,50,1,1,'CH',2,2),(163,61,2,3,'CA',2,2),(164,71,2,1,'CA',2,2),(165,68,1,3,'IE',1,2),(166,78,2,3,'US',2,2),(167,18,2,3,'US',2,2),(168,30,2,3,'US',2,2),(169,77,2,2,'US',2,2),(170,59,2,3,'US',2,2),(171,63,2,5,'US',2,2),(172,54,2,3,'US',2,2),(173,82,1,5,'US',1,2),(174,56,2,5,'US',2,2),(175,57,2,5,'US',2,2),(176,71,2,5,'CA',2,2),(177,47,2,3,'US',2,2),(178,58,2,5,'US',2,2),(179,42,2,3,'US',2,2),(180,67,1,2,'US',2,2),(181,60,1,5,'US',2,2),(182,61,1,5,'US',2,2),(183,66,2,5,'US',2,2),(184,46,2,5,'PT',2,2),(185,74,1,3,'US',2,2),(186,66,2,5,'US',2,2),(187,49,2,5,'US',2,2),(188,51,2,5,'US',2,2),(189,35,2,5,'US',2,2),(190,20,1,5,'US',2,2),(191,26,1,3,'US',2,2),(192,60,2,3,'CO',1,2),(193,78,1,5,'US',2,2),(194,27,2,3,'US',2,2),(195,38,2,3,'US',2,2),(196,62,2,5,'US',2,2),(197,35,2,3,'US',2,2),(198,29,2,3,'US',2,2),(199,78,2,3,'US',2,2),(200,65,2,5,'US',2,2),(201,33,2,5,'US',2,2),(202,64,2,5,'US',2,2),(203,60,1,3,'IT',2,2),(204,75,1,5,'US',2,2),(205,57,1,2,'FR',2,2),(206,43,1,3,'ES',2,2),(207,31,2,3,'MA',2,2),(208,35,1,1,'CA',2,2),(209,81,1,3,'CA',2,2),(210,88,2,3,'US',2,2),(211,41,1,1,'ES',2,2),(212,62,1,5,'CA',2,2),(213,65,2,3,'US',2,2),(214,21,1,5,'CA',2,2),(215,39,1,1,'US',2,2),(216,24,1,3,'CA',2,2),(217,64,2,3,'US',2,2),(218,75,2,5,'US',2,2),(219,29,2,5,'US',2,2),(220,40,1,3,'US',2,2),(221,35,2,3,'US',2,2),(222,58,1,NULL,'US',2,2),(223,40,2,3,'US',2,2),(224,35,2,5,'US',2,2),(225,64,2,5,'CA',2,2),(226,32,2,3,'CA',2,2),(227,84,2,3,'US',2,2),(228,36,2,5,'CA',2,2),(229,68,1,5,'UY',2,2),(230,30,2,3,'US',2,2),(231,81,1,2,'US',2,2),(232,46,NULL,5,'US',2,2),(233,82,2,5,'US',2,2),(234,86,2,3,'US',2,2),(235,60,2,3,'US',2,2),(236,61,2,3,'US',2,2),(237,63,2,3,'US',2,2),(238,44,2,3,'US',2,2),(239,60,2,3,'US',2,2),(240,58,2,5,'US',2,2),(241,51,2,3,'US',2,2),(242,21,1,3,'CA',2,2),(243,59,1,2,'US',2,2),(244,58,2,2,'US',2,2),(245,83,1,5,'US',2,2),(246,60,1,5,'US',2,2),(247,15,2,NULL,'US',2,2),(248,46,2,5,'US',2,2),(249,72,2,NULL,'US',2,2),(250,74,2,3,'CA',1,2),(251,71,2,3,'IE',1,2),(252,72,2,5,'US',2,2),(253,63,2,5,'US',2,2),(254,76,1,5,'US',2,2),(255,52,2,1,'IL',2,2),(256,63,1,5,'US',2,2),(257,59,1,2,'IT',2,2),(258,51,2,3,'US',2,2),(259,28,2,5,'CL',2,2),(260,50,2,5,'AR',2,2),(261,54,2,3,'US',2,2),(262,39,2,3,'US',2,2),(263,75,1,2,'IT',2,2),(264,79,2,5,'US',2,2),(265,77,2,3,'CA',1,2),(266,61,2,1,'US',1,2),(267,67,1,1,'US',2,2),(268,58,NULL,1,'AU',2,2),(269,62,2,5,'US',2,2),(270,41,2,5,'US',2,2),(271,80,2,5,'CA',2,2),(272,82,2,3,'US',2,2),(273,73,1,5,'US',2,2),(274,38,2,3,'US',2,2),(275,92,2,5,'US',2,2),(276,55,2,3,'US',2,2),(277,59,2,5,'US',2,2),(278,75,2,5,'CA',2,2),(279,55,2,3,'US',2,2),(280,55,1,3,'US',2,2),(281,20,2,3,'US',2,2),(282,53,2,3,'US',2,2),(283,53,2,3,'US',2,2),(284,51,1,3,'CA',2,2),(285,30,2,3,'US',2,2),(286,65,2,3,'US',2,2),(287,70,1,5,'US',2,2),(288,76,1,5,'US',2,2),(289,79,1,1,'FR',2,2),(290,43,2,3,'US',2,2),(291,47,2,3,'US',2,2),(292,35,2,3,'US',2,2),(293,63,1,5,'RU',1,2),(294,17,1,5,'US',2,2),(295,53,1,3,'US',2,2),(296,62,1,5,'US',2,2),(297,39,1,5,'US',2,2),(298,51,2,3,'US',2,2),(299,77,1,3,'CA',2,2),(300,44,2,2,'US',2,2),(301,81,1,5,'AR',1,2),(302,40,2,2,'GB',2,2),(303,38,1,1,'IT',2,2),(304,61,1,1,'KR',2,2),(305,59,2,3,'US',2,2),(306,82,1,5,'EG',2,2),(307,12,2,1,'US',1,2),(308,45,2,3,'US',2,2),(309,52,2,3,'US',2,2),(310,38,2,5,'US',2,1),(311,22,1,5,'US',2,2),(312,63,1,5,'CA',2,2),(313,68,2,5,'US',2,2),(314,72,2,3,'US',2,2),(315,49,1,5,'US',2,2),(316,55,2,5,'US',2,2),(317,61,2,1,'ES',2,2),(318,51,2,NULL,'US',2,2),(319,70,2,5,'US',2,2),(320,47,2,3,'US',2,2),(321,33,2,3,'US',2,2),(322,77,2,5,'US',2,2),(323,59,2,5,'US',2,2),(324,74,2,3,'US',2,2),(325,69,2,5,'US',2,2),(326,64,1,3,'US',2,2),(327,76,1,5,'US',2,2),(328,42,2,3,'US',2,2),(329,74,2,3,'US',2,2),(330,53,2,1,'CA',2,2),(331,73,2,5,'GB',1,2),(332,26,1,3,'IL',2,2),(333,54,1,1,'DE',2,2),(334,62,2,5,'US',2,2),(335,42,1,1,'DE',2,2),(336,48,2,5,'US',2,2),(337,38,2,3,'US',2,2),(338,42,2,3,'US',2,2),(339,69,2,NULL,'US',2,2),(340,53,2,3,'US',2,2),(341,68,1,5,'US',2,2),(342,55,2,5,'CA',2,2),(343,70,2,3,'US',2,2),(344,52,2,3,'US',2,2),(345,42,1,5,'BR',2,2),(346,51,1,3,'US',2,2),(347,69,2,3,'US',2,2),(348,17,1,5,'US',2,2),(349,57,2,5,'US',2,2),(350,70,1,5,'US',2,2),(351,32,2,3,'US',2,2),(352,90,2,1,'CN',2,2),(353,49,2,3,'US',2,2),(354,22,1,3,'GB',2,2),(355,80,2,3,'US',2,2),(356,75,1,5,'US',2,2),(357,69,2,3,'US',2,2),(358,71,2,5,'US',2,2),(359,81,1,5,'US',1,2),(360,74,1,5,'CO',2,2),(361,57,1,5,'US',1,2),(362,57,2,5,'AR',2,2),(363,45,2,3,'US',2,2),(364,34,2,3,'US',2,2),(365,50,2,3,'US',2,2),(366,16,1,5,'US',2,2),(367,62,2,5,'US',2,2),(368,90,2,3,'US',2,2),(369,82,1,5,'US',1,2),(370,71,2,3,'US',2,2),(371,66,2,5,'US',2,2),(372,67,1,5,'US',2,2),(373,34,1,3,'US',2,2),(374,76,2,3,'US',2,2),(375,51,2,3,'US',2,2),(376,76,1,5,'US',2,2),(377,69,1,5,'US',2,2),(378,44,2,NULL,'US',2,2),(379,45,2,1,'FR',2,2),(380,62,1,3,'CA',2,2),(381,68,2,3,'US',2,2),(382,75,2,3,'US',2,2),(383,49,2,3,'US',2,2),(384,38,2,1,'US',2,2),(385,43,2,5,'US',2,2),(386,80,1,2,'FR',2,2),(387,53,2,3,'US',2,2),(388,46,1,3,'US',2,2),(389,72,2,2,'US',2,2),(390,43,1,5,'US',2,2),(391,35,2,1,'MX',2,2),(392,21,2,5,'US',2,2),(393,20,1,5,'US',2,2),(394,50,1,3,'US',2,2),(395,74,2,3,'US',2,2),(396,74,2,3,'US',2,2),(397,42,1,5,'US',2,2),(398,96,1,5,'US',2,2),(399,15,1,3,'US',1,2),(400,42,2,1,'US',2,2),(401,55,1,3,'US',2,2),(402,52,2,3,'US',2,2),(403,80,2,1,'US',2,2),(404,82,1,5,'US',1,2),(405,45,1,3,'US',2,2),(406,73,2,1,'FR',1,2),(407,81,2,NULL,'US',1,2),(408,63,2,3,'US',2,2),(409,71,2,3,'US',2,2),(410,45,2,5,'US',2,2),(411,34,2,2,'US',2,2),(412,31,2,3,'US',2,2),(413,77,2,3,'CA',2,2),(414,54,1,5,'US',2,2),(415,73,2,3,'US',2,2),(416,85,2,3,'PL',2,2),(417,55,2,5,'US',2,2),(418,65,2,3,'US',2,2),(419,35,1,5,'US',2,2),(420,41,1,5,'US',2,2),(421,60,2,3,'US',2,2),(422,27,2,5,'US',2,2),(423,63,1,NULL,'US',2,1),(424,51,2,NULL,'US',2,2),(425,80,2,5,'US',2,2),(426,47,1,5,'US',2,2),(427,52,2,5,'US',2,2),(428,54,1,3,'US',2,2),(429,71,2,5,'GB',2,2),(430,74,2,3,'US',2,2),(431,40,1,5,'US',2,2),(432,50,2,3,'US',2,2),(433,49,2,3,'US',2,2),(434,42,1,5,'US',2,2),(435,28,2,5,'US',2,2),(436,67,2,5,'US',2,2),(437,42,2,3,'US',2,2),(438,24,2,3,'US',2,2),(439,70,2,3,'US',2,2),(440,47,1,5,'US',2,2),(441,50,1,3,'US',2,2),(442,22,1,3,'TW',2,2),(443,73,2,3,'US',2,2),(444,34,2,1,'CA',NULL,2),(445,80,1,3,'US',2,2),(446,58,1,3,'US',2,2),(447,29,2,3,'US',2,2),(448,86,2,5,'US',2,2),(449,75,2,5,'US',2,2),(450,48,2,5,'GB',2,2),(451,68,2,3,'US',2,2),(452,65,2,5,'US',2,2),(453,56,2,5,'BG',2,2),(454,62,1,5,'US',2,2),(455,29,2,5,'US',2,2),(456,69,1,1,'FR',2,2),(457,53,2,1,'CN',2,2),(458,49,1,3,'IT',2,2),(459,37,2,5,'AR',2,2),(460,38,2,5,'US',2,2),(461,2,1,1,'US',2,2),(462,62,1,3,'US',2,2),(463,36,2,3,'US',2,2),(464,52,2,5,'US',2,2),(465,47,2,5,'US',2,2),(466,54,1,5,'US',2,2),(467,60,2,NULL,'US',2,2),(468,63,1,5,'US',2,2),(469,68,2,5,'US',2,2),(470,64,1,3,'US',2,2),(471,64,2,5,'US',2,2),(472,62,2,3,'US',2,2),(473,60,1,3,'US',1,2),(474,74,1,5,'CA',2,2),(475,38,2,1,'US',2,2),(476,20,2,5,'US',2,2),(477,30,1,5,'US',2,2),(478,45,1,1,'KR',2,2),(479,53,1,3,'US',2,2),(480,66,1,5,'US',2,2),(481,70,2,2,'US',1,2),(482,64,2,3,'US',2,2),(483,83,1,5,'US',2,2),(484,66,1,3,'US',2,2),(485,68,2,3,'US',2,2),(486,57,1,5,'US',2,2),(487,72,1,5,'US',2,2),(488,74,1,1,'SE',2,2),(489,63,2,3,'US',2,2),(490,77,2,5,'GT',2,1),(491,54,2,1,'ZA',2,2),(492,27,1,1,'CH',2,2),(493,70,2,3,'US',2,2),(494,8,1,1,'TR',2,2),(495,66,1,3,'US',2,2),(496,88,1,5,'US',2,2),(497,27,2,1,'AR',2,2),(498,75,1,3,'US',2,2),(499,52,2,3,'US',2,2),(500,61,2,3,'US',2,2),(501,60,1,3,'US',2,2),(502,68,2,3,'JP',2,2),(503,56,2,1,'JP',2,2),(504,48,2,3,'US',2,2),(505,53,2,5,'ZA',2,2),(506,90,2,1,'IT',2,2),(507,66,2,5,'CA',2,2),(508,46,2,5,'CA',2,2),(509,85,1,5,'US',2,2),(510,68,2,5,'GB',2,2),(511,41,1,2,'US',2,2),(512,51,1,2,'FR',2,2),(513,22,2,3,'US',2,2),(514,56,2,5,'CA',2,2),(515,73,2,5,'US',2,2),(516,38,2,5,'CL',2,2),(517,44,1,3,'US',2,2),(518,68,1,3,'IE',1,2),(519,34,2,2,'US',2,2),(520,76,2,1,'US',2,2),(521,62,1,5,'US',2,2),(522,38,2,3,'US',2,2),(523,16,1,3,'US',2,2),(524,58,1,5,'US',2,2),(525,40,2,1,'DE',2,2),(526,63,2,2,'CA',2,2),(527,64,1,5,'US',2,2),(528,23,1,1,'CA',2,2),(529,29,1,5,'US',2,2),(530,63,2,5,'IE',1,2),(531,66,1,3,'GB',2,2),(532,0,1,3,'JP',2,2),(533,68,2,1,'US',1,2),(534,43,2,3,'US',2,2),(535,53,2,3,'US',2,2),(536,33,1,3,'CA',2,2),(537,33,1,3,'US',2,2),(538,77,2,3,'US',2,2),(539,66,2,3,'US',2,2),(540,57,1,5,'CA',1,2),(541,50,2,3,'US',2,2),(542,58,2,3,'ES',2,2),(543,58,2,3,'US',2,2),(544,90,2,5,'US',2,2),(545,46,2,3,'US',2,2),(546,78,2,5,'US',2,2),(547,71,2,5,'CL',1,2),(548,64,1,5,'US',1,2),(549,56,2,5,'GB',2,2),(550,26,2,5,'US',2,2),(551,63,1,5,'US',2,2),(552,48,2,3,'US',2,2),(553,68,1,3,'US',2,2),(554,67,1,3,'GB',2,2),(555,32,2,3,'US',2,2),(556,54,2,3,'US',2,2),(557,24,2,5,'GB',2,2),(558,77,1,1,'US',2,2),(559,61,2,5,'US',2,2),(560,53,2,3,'US',2,2),(561,78,2,5,'US',2,2),(562,67,2,3,'US',2,2),(563,66,2,5,'US',2,2),(564,33,1,3,'CA',2,2),(565,66,2,5,'US',2,2),(566,53,2,5,'US',2,2),(567,86,2,3,'US',1,2),(568,66,1,5,'US',2,2),(569,76,1,5,'US',2,2),(570,80,2,3,'US',2,2),(571,48,1,3,'ES',2,2),(572,43,2,3,'CA',1,1),(573,81,2,NULL,'US',1,2),(574,70,1,3,'US',2,2),(575,38,2,3,'US',2,2),(576,46,2,3,'US',2,2),(577,78,2,5,'US',2,2),(578,52,1,3,'US',2,2),(579,71,1,3,'US',2,2),(580,58,2,NULL,'US',1,2),(581,73,2,1,'DE',2,2),(582,26,1,3,'US',2,2),(583,66,2,3,'ES',2,2),(584,85,1,3,'US',2,2),(585,35,2,NULL,'US',2,2),(586,55,1,3,'US',2,2),(587,62,1,3,'CA',2,2),(588,45,2,5,'US',2,2),(589,29,2,3,'US',2,2),(590,81,1,5,'NL',2,2),(591,64,2,5,'US',2,2),(592,62,2,3,'US',2,2),(593,44,2,3,'US',2,2),(594,43,2,1,'AU',2,2),(595,90,2,1,'IT',2,2),(596,53,2,5,'US',2,2),(597,75,2,5,'US',2,2),(598,21,2,5,'PT',2,2),(599,16,2,3,'US',2,2),(600,74,2,5,'US',2,2),(601,44,2,5,'US',2,2),(602,69,1,3,'CA',2,2),(603,84,2,3,'US',2,2),(604,73,2,3,'US',2,2),(605,72,1,1,'CZ',1,2),(606,70,1,5,'US',2,2),(607,66,1,5,'CA',2,2),(608,64,2,3,'US',2,2),(609,38,2,3,'US',2,2),(610,17,1,5,'US',2,2),(611,79,1,5,'US',2,2),(612,69,1,5,'US',2,2),(613,62,2,3,'US',2,2),(614,72,1,3,'CA',1,2),(615,86,2,3,'US',2,2),(616,77,2,3,'US',2,2),(617,46,1,2,'PT',2,2),(618,59,1,3,'CN',2,2),(619,56,1,5,'US',2,2),(620,32,2,5,'CA',2,2),(621,74,2,5,'MX',2,2),(622,66,2,3,'US',2,2),(623,12,1,5,'US',2,2),(624,65,1,5,'US',2,2),(625,8,2,3,'DE',2,2),(626,84,2,2,'CA',1,2),(627,54,2,5,'US',1,2),(628,72,2,5,'CA',2,2),(629,90,2,5,'US',2,2),(630,73,2,3,'US',2,2),(631,79,1,3,'US',2,2),(632,80,2,5,'US',2,2),(633,72,2,5,'US',2,2),(634,66,2,5,'US',2,2),(635,24,2,3,'CA',2,2),(636,73,2,1,'FR',1,2),(637,62,2,3,'US',2,2),(638,80,1,5,'US',2,2),(639,53,2,5,'US',2,2),(640,72,2,5,'SA',2,2),(641,19,2,5,'ZA',2,2),(642,51,2,5,'US',2,2),(643,17,2,5,'US',2,2),(644,71,2,5,'US',2,2),(645,49,2,1,'FR',2,2),(646,68,2,NULL,'US',2,2),(647,59,2,1,'TW',2,2),(648,77,1,3,'US',2,2),(649,19,1,5,'US',2,2),(650,65,1,1,'HK',2,2),(651,35,1,1,'RO',1,2),(652,70,2,3,'US',2,2),(653,62,2,3,'US',2,2),(654,13,2,5,'US',2,2),(655,46,2,5,'US',2,2),(656,16,2,3,'IT',2,2),(657,61,2,NULL,'US',2,2),(658,55,1,5,'US',2,2),(659,68,2,5,'US',2,2),(660,81,1,5,'CA',2,2),(661,72,2,5,'US',2,2),(662,9,2,5,'US',2,2),(663,45,2,5,'DE',2,2),(664,54,2,5,'US',2,2),(665,80,2,3,'US',2,2),(666,78,2,5,'GB',1,2),(667,83,2,1,'FR',2,2),(668,74,2,3,'US',2,2),(669,70,2,3,'US',2,2),(670,60,2,3,'US',2,2),(671,67,2,5,'US',2,2),(672,43,2,5,'AR',2,2),(673,42,2,3,'US',2,2),(674,59,NULL,3,'US',2,2),(675,71,1,3,'JP',1,2),(676,73,2,5,'US',2,2),(677,57,2,3,'GB',2,2),(678,53,1,3,'CA',2,2),(679,69,2,1,'FR',2,2),(680,73,1,5,'US',2,2),(681,48,1,3,'US',2,2),(682,38,2,1,'FR',2,2),(683,20,2,3,'CA',2,2),(684,73,2,5,'US',2,2),(685,80,2,NULL,'US',2,2),(686,80,1,2,'FR',2,2),(687,68,2,3,'US',2,2),(688,67,2,5,'US',2,1),(689,76,1,5,'US',2,2),(690,15,2,3,'US',2,2),(691,82,2,5,'CA',2,2),(692,42,1,5,'US',2,2),(693,50,2,3,'US',2,2),(694,63,2,3,'US',2,2),(695,35,2,5,'US',2,2),(696,74,2,3,'US',2,2),(697,63,1,5,'US',2,2),(698,49,2,5,'US',2,1),(699,78,2,5,'US',2,2),(700,79,1,NULL,'US',2,2),(701,49,2,3,'US',2,2),(702,69,2,5,'US',2,2),(703,64,2,NULL,'US',2,2),(704,79,2,5,'US',2,2),(705,55,2,NULL,'US',2,2),(706,63,2,5,'US',2,2),(707,14,1,5,'CA',2,2),(708,58,2,3,'US',2,2),(709,22,2,3,'US',2,2),(710,59,2,5,'US',2,2),(711,21,2,3,'US',2,2),(712,32,1,5,'US',2,2),(713,70,2,5,'US',2,2),(714,62,1,5,'CA',2,2),(715,57,2,5,'US',2,2),(716,62,2,3,'US',2,2),(717,63,2,5,'US',2,2),(718,73,2,3,'US',2,2),(719,46,2,5,'CL',2,2),(720,57,2,5,'CA',2,2),(721,60,2,5,'US',2,2),(722,61,2,5,'US',2,2),(723,69,1,3,'US',2,2),(724,66,2,1,'DE',2,2),(725,79,2,3,'US',2,2),(726,7,1,3,'CA',2,2),(727,68,2,5,'CA',2,2),(728,66,2,5,'CA',2,2),(729,18,2,3,'US',2,2),(730,67,2,3,'US',2,2),(731,46,2,3,'US',2,2),(732,26,2,3,'US',2,2),(733,47,2,3,'US',2,2),(734,69,2,3,'US',2,2),(735,27,1,5,'BG',2,2),(736,23,2,3,'US',2,2),(737,28,2,5,'US',2,2),(738,63,1,1,'FR',2,2),(739,32,2,5,'US',2,1),(740,66,2,5,'US',2,2),(741,19,2,5,'US',2,2),(742,73,2,5,'CA',2,2),(743,35,2,3,'US',2,2),(744,82,2,3,'US',2,2),(745,80,2,3,'US',2,2),(746,70,2,3,'US',2,2),(747,75,2,5,'US',2,2),(748,58,2,3,'US',2,2),(749,76,2,3,'TW',2,2),(750,69,1,5,'US',2,2),(751,46,2,3,'US',2,2),(752,64,1,5,'US',2,2),(753,53,1,3,'US',2,2),(754,75,2,5,'US',1,2),(755,80,2,3,'US',1,2),(756,44,2,5,'US',2,2),(757,75,2,5,'US',2,2),(758,34,2,3,'US',2,2),(759,48,1,1,'US',2,2),(760,64,2,3,'US',2,2),(761,50,2,1,'ES',2,2),(762,60,2,5,'US',1,2),(763,50,2,3,'GR',2,2),(764,28,2,3,'US',2,2),(765,25,1,3,'US',2,2),(766,65,2,3,'US',2,2),(767,41,2,5,'CA',2,2),(768,6,2,1,'DE',2,2),(769,71,2,3,'CA',2,2),(770,45,2,3,'US',2,2),(771,75,1,1,'ES',2,2),(772,72,1,5,'BG',1,2),(773,64,2,5,'US',2,2),(774,32,2,2,'PT',2,2),(775,82,2,5,'US',2,2),(776,23,1,3,'GB',2,2),(777,67,2,3,'US',2,2),(778,49,2,2,'PT',2,1),(779,63,1,5,'US',2,2),(780,35,2,3,'US',2,2),(781,60,1,5,'US',2,2),(782,90,1,5,'US',2,2),(783,44,2,3,'US',2,2),(784,79,2,5,'US',2,2),(785,38,1,5,'CA',2,2),(786,51,2,5,'DE',2,2),(787,67,2,3,'US',2,2),(788,52,1,3,'US',2,2),(789,47,1,5,'US',2,2),(790,79,1,1,'FR',2,2),(791,39,2,5,'GB',2,2),(792,75,2,5,'CA',2,2),(793,61,2,3,'US',2,2),(794,60,2,3,'US',2,2),(795,71,1,2,'CA',2,2),(796,81,2,NULL,'US',1,2),(797,53,1,5,'CA',2,2),(798,32,2,5,'US',2,2),(799,24,1,3,'US',2,2),(800,36,2,3,'US',2,2),(801,65,2,5,'FR',2,1),(802,31,1,5,'US',2,2),(803,70,2,5,'DE',2,2),(804,45,2,3,'US',2,2),(805,35,2,3,'US',2,2),(806,76,2,1,'FR',2,2),(807,36,1,5,'US',2,2),(808,71,2,3,'US',2,2),(809,65,1,5,'US',2,2),(810,56,2,5,'US',2,2),(811,31,2,3,'US',2,2),(812,66,2,3,'CA',2,2),(813,43,2,1,'CA',2,2),(814,65,2,5,'MX',1,2),(815,67,1,5,'US',2,2),(816,50,2,3,'US',2,2),(817,77,2,2,'JP',2,2),(818,60,2,3,'US',2,2),(819,82,1,3,'US',2,2),(820,71,1,5,'US',2,2),(821,59,2,3,'US',2,2),(822,55,2,3,'CA',2,2),(823,66,2,1,'IT',2,2),(824,48,2,3,'US',2,2),(825,65,2,3,'US',2,2),(826,94,2,1,'IT',2,2),(827,52,1,3,'US',2,2),(828,47,1,5,'US',1,2),(829,67,2,3,'US',2,2),(830,51,2,5,'US',2,2),(831,46,2,1,'CZ',2,2),(832,67,2,5,'US',2,2),(833,73,2,1,'FR',2,2),(834,52,1,1,'IT',2,2),(835,71,2,1,'CA',2,2),(836,74,2,3,'US',2,2),(837,37,1,5,'US',2,2),(838,20,2,5,'US',2,2),(839,58,2,3,'US',2,2),(840,60,1,5,'DE',1,2),(841,59,2,5,'CA',1,2),(842,64,2,NULL,'US',2,2),(843,66,2,1,'US',2,2),(844,56,2,5,'US',2,2),(845,32,1,3,'US',2,2),(846,57,2,1,'JP',2,2),(847,19,2,5,'US',2,2),(848,64,2,5,'US',2,2),(849,62,1,3,'US',2,2),(850,78,2,3,'US',2,2),(851,33,2,3,'MA',2,2),(852,62,2,5,'US',2,2),(853,65,2,3,'US',2,2),(854,48,2,5,'US',2,2),(855,66,1,5,'US',1,2),(856,28,2,5,'US',2,2),(857,54,2,3,'US',2,2),(858,58,2,3,'US',2,2),(859,29,2,5,'US',2,2),(860,36,2,5,'US',2,2),(861,47,2,2,'US',2,2),(862,53,1,NULL,'US',2,2),(863,76,1,1,'CA',2,2),(864,60,1,3,'US',2,2),(865,84,1,5,'KR',1,2),(866,79,2,3,'US',2,2),(867,77,1,5,'US',2,2),(868,60,1,3,'US',2,2),(869,32,2,3,'US',2,2),(870,31,1,5,'US',2,2),(871,74,1,3,'US',2,2),(872,44,2,3,'FR',2,2),(873,51,2,3,'US',2,2),(874,33,2,3,'US',2,2),(875,67,1,5,'US',1,2),(876,74,2,5,'GB',1,2),(877,65,2,3,'US',2,2),(878,41,2,5,'US',2,2),(879,59,2,5,'US',2,2),(880,67,2,5,'US',2,2),(881,58,1,5,'US',2,2),(882,28,1,3,'CA',2,2),(883,59,2,5,'US',2,2),(884,85,1,3,'CA',1,2),(885,64,2,3,'US',2,2),(886,74,1,3,'US',2,2),(887,58,2,2,'PT',2,2),(888,46,2,3,'US',2,2),(889,71,1,5,'US',2,2),(890,48,2,1,'IT',2,2),(891,24,NULL,1,'AU',2,2),(892,67,2,3,'US',2,2),(893,69,2,3,'US',2,2),(894,57,2,3,'US',2,2),(895,54,2,3,'US',2,2),(896,71,2,3,'IE',1,2),(897,73,1,5,'US',2,2),(898,69,1,5,'CA',2,2),(899,79,2,5,'US',1,2),(900,74,1,1,'CA',2,2),(901,29,1,1,'CA',2,2),(902,59,1,3,'US',2,2),(903,84,1,1,'CN',2,2),(904,83,1,5,'US',2,2),(905,73,1,5,'US',2,2),(906,54,2,5,'DE',2,2),(907,82,2,3,'US',2,2),(908,65,1,3,'US',2,2),(909,69,1,5,'US',2,2),(910,48,1,5,'US',2,2),(911,76,2,5,'US',2,2),(912,68,2,5,'US',2,2),(913,33,2,5,'US',2,2),(914,89,2,5,'US',2,2),(915,59,2,5,'US',2,2),(916,25,2,3,'US',2,2),(917,26,1,5,'US',2,2),(918,44,2,3,'US',2,2),(919,56,1,5,'US',1,2),(920,73,2,5,'US',2,2),(921,67,2,5,'US',2,2),(922,79,1,5,'US',2,2),(923,52,2,3,'US',2,2),(924,75,2,3,'CA',2,2),(925,66,1,1,'US',2,2),(926,20,1,5,'US',2,2),(927,67,1,5,'US',2,2),(928,58,2,3,'US',2,2),(929,47,1,5,'CA',2,2),(930,79,1,5,'US',2,2),(931,59,2,5,'US',2,2),(932,81,2,3,'US',2,2),(933,31,2,5,'US',2,2),(934,33,1,3,'US',2,2),(935,78,2,3,'US',2,2),(936,56,2,5,'US',2,2),(937,38,2,5,'US',2,2),(938,85,1,3,'CA',1,2),(939,54,1,3,'US',2,2),(940,71,1,5,'CO',2,2),(941,67,2,1,'IT',2,2),(942,79,1,NULL,'US',2,2),(943,64,2,5,'UY',2,2),(944,77,1,3,'ES',1,2),(945,44,2,5,'AR',2,2),(946,32,2,1,'US',2,2),(947,51,2,5,'US',2,2),(948,63,1,5,'US',2,2),(949,37,1,3,'US',2,2),(950,70,1,1,'IT',2,2),(951,74,1,3,'US',2,2),(952,38,2,3,'US',2,2),(953,57,1,NULL,'US',2,2),(954,56,1,5,'US',2,2),(955,64,1,5,'US',2,2),(956,86,1,3,'US',2,2),(957,54,2,3,'US',2,2),(958,61,1,5,'FR',2,2),(959,76,2,1,'FR',2,2),(960,86,1,3,'US',1,2),(961,33,2,5,'CA',2,2),(962,81,1,3,'US',2,2),(963,53,2,5,'US',2,2),(964,52,1,5,'CA',2,2),(965,49,2,3,'CA',2,2),(966,65,2,3,'US',2,2),(967,25,1,3,'IE',2,2),(968,53,1,3,'US',2,2),(969,36,2,3,'US',2,2),(970,50,1,5,'US',2,2),(971,54,2,3,'US',2,2),(972,78,2,5,'US',2,2),(973,56,2,5,'US',2,2),(974,78,1,1,'GR',2,1),(975,76,2,3,'US',2,2),(976,66,2,3,'US',1,2),(977,58,1,5,'US',2,2),(978,68,1,5,'US',2,2),(979,72,2,3,'US',2,2),(980,46,1,5,'CL',2,2),(981,49,1,5,'CA',2,2),(982,68,1,5,'US',2,2),(983,31,1,5,'US',2,2),(984,61,2,5,'US',2,2),(985,63,1,5,'US',2,2),(986,63,2,3,'US',2,2),(987,61,1,5,'BG',1,2),(988,52,2,5,'US',2,2),(989,70,2,3,'US',2,2),(990,49,2,5,'US',2,2),(991,64,2,5,'US',2,2),(992,73,2,3,'US',2,2),(993,59,2,3,'US',2,2),(994,17,2,5,'US',2,2),(995,68,1,3,'IE',1,2),(996,83,2,1,'JP',2,2),(997,75,2,2,'US',2,2),(998,32,2,3,'US',2,2),(999,50,1,5,'US',2,2),(1000,50,2,3,'US',2,2),(1001,74,1,5,'US',1,2),(1002,52,1,5,'US',2,2),(1003,81,2,5,'US',1,2),(1004,57,2,5,'US',2,2),(1005,59,2,5,'US',2,2),(1006,71,2,3,'US',2,2),(1007,58,2,5,'US',2,2),(1008,85,2,1,'CA',2,2),(1009,93,2,3,'US',2,2),(1010,70,2,5,'US',2,2),(1011,22,1,5,'US',2,2),(1012,40,2,3,'US',2,2),(1013,58,2,5,'US',2,2),(1014,56,1,3,'CA',2,2),(1015,62,2,5,'US',2,2),(1016,87,1,NULL,'US',1,2),(1017,66,2,3,'US',2,2),(1018,56,2,3,'PT',2,2),(1019,64,1,2,'US',2,2),(1020,58,2,3,'US',2,2),(1021,31,2,5,'US',2,2),(1022,33,1,3,'US',2,2),(1023,33,2,3,'US',2,2),(1024,25,1,3,'IE',2,2),(1025,77,2,5,'US',2,2),(1026,54,2,5,'US',2,2),(1027,62,2,5,'US',2,2),(1028,64,1,1,'DK',2,2),(1029,64,2,1,'CA',2,2),(1030,59,1,1,'DE',2,2),(1031,73,2,1,'FR',1,2),(1032,2,2,3,'DE',2,2),(1033,54,1,1,'GB',2,2),(1034,35,2,5,'US',2,2),(1035,44,2,5,'DE',2,2),(1036,37,2,5,'DE',2,2),(1037,30,1,3,'JP',2,2),(1038,47,1,5,'CA',2,2),(1039,48,1,3,'US',2,2),(1040,51,2,5,'US',2,2),(1041,36,2,1,'ZA',2,2),(1042,41,2,5,'US',2,2),(1043,70,1,3,'AU',2,2),(1044,77,1,NULL,'US',1,2),(1045,45,1,5,'US',2,2),(1046,45,1,3,'US',2,2),(1047,19,2,1,'CA',2,2),(1048,61,2,3,'US',2,2),(1049,59,2,5,'US',1,2),(1050,55,2,5,'US',2,2),(1051,60,1,3,'US',2,2),(1052,57,1,5,'US',2,2),(1053,56,1,1,'CA',2,2),(1054,66,2,2,'US',2,2),(1055,44,2,5,'US',2,2),(1056,57,2,5,'US',2,2),(1057,39,1,5,'US',2,2),(1058,53,1,5,'US',2,2),(1059,25,2,5,'US',2,2),(1060,54,2,NULL,'US',1,2),(1061,67,1,5,'US',2,2),(1062,76,1,5,'US',2,2),(1063,53,2,5,'US',2,2),(1064,74,1,5,'CA',2,2),(1065,66,1,1,'JP',2,2),(1066,68,1,3,'CA',1,2),(1067,85,2,3,'PL',2,2),(1068,33,2,3,'MA',2,2),(1069,73,1,1,'IT',2,2),(1070,51,2,3,'US',2,2),(1071,41,1,1,'US',2,2),(1072,41,1,5,'US',2,2),(1073,16,2,3,'AU',2,2),(1074,32,2,3,'US',2,2),(1075,70,1,3,'US',2,2),(1076,72,1,5,'US',2,2),(1077,75,1,3,'US',2,2),(1078,62,1,5,'US',2,2),(1079,46,1,3,'US',2,2),(1080,44,1,5,'US',2,2),(1081,77,2,5,'CA',2,2),(1082,67,2,5,'US',2,2),(1083,59,2,3,'CA',2,2),(1084,70,2,1,'US',2,2),(1085,54,2,5,'US',2,2),(1086,71,2,5,'US',2,2),(1087,55,2,3,'US',2,2),(1088,69,2,1,'US',1,2),(1089,36,2,3,'US',2,2),(1090,71,2,5,'US',2,2),(1091,70,2,5,'US',2,2),(1092,24,2,5,'DE',2,2),(1093,88,2,3,'CA',1,2),(1094,32,2,1,'MX',2,2),(1095,71,2,3,'US',2,2),(1096,65,2,5,'US',2,2),(1097,72,1,5,'US',2,2),(1098,72,2,2,'US',2,2),(1099,51,2,3,'AU',2,2),(1100,48,2,3,'US',2,2),(1101,46,2,3,'US',2,2),(1102,30,1,3,'US',2,2),(1103,69,1,5,'US',2,2),(1104,44,2,5,'US',2,2),(1105,67,2,3,'US',2,2),(1106,73,1,1,'FR',2,2),(1107,70,2,5,'US',2,2),(1108,68,2,5,'CO',2,2),(1109,52,2,5,'US',2,2),(1110,37,2,1,'DE',2,2),(1111,56,2,3,'US',2,2),(1112,62,2,3,'US',2,2),(1113,46,2,3,'IT',2,2),(1114,32,2,3,'US',2,2),(1115,46,2,3,'US',2,2),(1116,68,1,3,'US',2,2),(1117,54,1,5,'US',2,2),(1118,61,2,5,'US',2,2),(1119,75,2,1,'US',2,2),(1120,47,1,3,'US',2,2),(1121,58,2,1,'US',2,2),(1122,79,2,5,'US',2,2),(1123,80,2,5,'US',2,2),(1124,63,1,1,'FR',2,2),(1125,67,2,3,'US',2,2),(1126,59,1,5,'US',2,2),(1127,84,1,5,'US',1,2),(1128,73,2,3,'US',2,2),(1129,67,1,5,'US',2,2),(1130,75,2,3,'US',2,2),(1131,45,2,5,'US',2,2),(1132,51,1,5,'US',2,2),(1133,52,2,5,'US',2,2),(1134,45,1,3,'CA',2,2),(1135,75,2,3,'CA',2,2),(1136,49,1,1,'US',2,2),(1137,79,1,3,'IT',2,2),(1138,60,2,3,'US',2,2),(1139,64,2,3,'US',2,2),(1140,16,2,1,'CA',2,2),(1141,69,1,1,'FR',2,2),(1142,81,2,3,'US',2,2),(1143,65,1,5,'US',2,2),(1144,80,2,5,'US',2,2),(1145,73,1,3,'IE',2,2),(1146,46,1,5,'US',2,2),(1147,66,2,3,'US',2,2),(1148,67,1,5,'US',2,2),(1149,53,1,3,'CA',2,2),(1150,46,2,3,'US',2,2),(1151,72,2,1,'JP',2,2),(1152,23,1,5,'CA',2,2),(1153,65,1,NULL,'US',2,2),(1154,53,1,1,'IT',2,2),(1155,64,2,5,'ES',2,2),(1156,40,2,2,'CA',2,2),(1157,57,1,3,'US',2,2),(1158,68,2,5,'US',2,2),(1159,19,1,5,'US',2,2),(1160,86,2,5,'US',2,2),(1161,45,1,5,'US',2,2),(1162,38,2,5,'TN',2,2),(1163,58,2,5,'US',2,2),(1164,40,2,5,'US',2,2),(1165,49,2,5,'US',2,2),(1166,67,1,3,'US',2,2),(1167,31,2,1,'CA',2,2),(1168,72,1,3,'US',2,2),(1169,18,1,5,'US',2,2),(1170,68,2,2,'US',2,2),(1171,53,1,5,'US',2,2),(1172,53,2,5,'US',2,2),(1173,67,1,2,'CA',2,2),(1174,12,1,5,'US',2,2),(1175,54,2,3,'US',2,2),(1176,52,2,5,'US',2,2),(1177,64,2,3,'US',2,2),(1178,36,2,1,'US',2,2),(1179,78,1,5,'IN',2,2),(1180,52,1,1,'US',2,2),(1181,54,2,5,'US',2,2),(1182,66,2,5,'US',2,2),(1183,49,2,5,'US',2,2),(1184,47,2,3,'US',2,2),(1185,74,2,5,'US',2,2),(1186,32,2,5,'US',2,2),(1187,77,2,5,'US',2,2),(1188,59,2,3,'US',2,2),(1189,55,2,3,'US',2,2),(1190,84,2,1,'DE',2,2),(1191,66,2,3,'CA',2,2),(1192,79,2,5,'GB',2,2),(1193,74,2,3,'CA',1,2),(1194,71,1,5,'US',2,2),(1195,33,2,3,'CA',2,2),(1196,82,2,5,'US',1,2),(1197,75,2,5,'ZA',2,2),(1198,66,1,5,'US',2,2),(1199,80,1,2,'US',2,2),(1200,65,2,2,'US',2,2),(1201,16,2,5,'US',2,2),(1202,65,2,3,'US',2,2),(1203,35,2,5,'US',2,2);
/*!40000 ALTER TABLE `person` ENABLE KEYS */;
UNLOCK TABLES;

--
-- Table structure for table `product`
--

DROP TABLE IF EXISTS `product`;
/*!40101 SET @saved_cs_client     = @@character_set_client */;
/*!50503 SET character_set_client = utf8mb4 */;
CREATE TABLE `product` (
  `id` int NOT NULL,
  `product` varchar(38) NOT NULL,
  PRIMARY KEY (`id`)
) ENGINE=InnoDB DEFAULT CHARSET=utf8mb4 COLLATE=utf8mb4_0900_ai_ci;
/*!40101 SET character_set_client = @saved_cs_client */;

--
-- Dumping data for table `product`
--

LOCK TABLES `product` WRITE;
/*!40000 ALTER TABLE `product` DISABLE KEYS */;
INSERT INTO `product` VALUES (1,'HUMIRA'),(2,'ASPIRIN'),(3,'ASPIRIN'),(4,'ASPIRIN'),(5,'HUMIRA'),(6,'HUMIRA'),(7,'HUMIRA'),(8,'HUMIRA'),(9,'HUMIRA'),(10,'HUMIRA'),(11,'HUMIRA'),(12,'HUMIRA'),(13,'HUMIRA'),(14,'HUMIRA'),(15,'HUMIRA'),(16,'KARDEGIC'),(17,'HUMIRA'),(18,'HUMIRA'),(19,'ABRILADA'),(20,'HUMIRA'),(21,'ADALIMUMAB'),(22,'HUMIRA'),(23,'HUMIRA'),(24,'ASPIRIN'),(25,'HUMIRA'),(26,'ASPIRIN'),(27,'HUMIRA'),(28,'HUMIRA'),(29,'HUMIRA'),(30,'HUMIRA'),(31,'ADALIMUMAB'),(32,'HUMIRA'),(33,'KARDEGIC'),(34,'HUMIRA'),(35,'HUMIRA'),(36,'ADALIMUMAB'),(37,'HUMIRA'),(38,'HUMIRA'),(39,'ASCRIPTIN'),(40,'ADALIMUMAB'),(41,'HUMIRA'),(42,'HUMIRA'),(43,'HUMIRA'),(44,'HUMIRA'),(45,'ASPIRIN'),(46,'HUMIRA'),(47,'ASPIRIN'),(48,'HUMIRA'),(49,'HUMIRA'),(50,'HUMIRA'),(51,'HUMIRA'),(52,'HUMIRA'),(53,'ASPIRIN'),(54,'ASPIRIN'),(55,'HUMIRA'),(56,'NOVOLOG FLEXPEN INJ'),(57,'HUMIRA'),(58,'ASPIRIN'),(59,'ADALIMUMAB'),(60,'ASPIRIN'),(61,'HUMIRA'),(62,'HUMIRA'),(63,'ASPIRIN'),(64,'ADALIMUMAB'),(65,'ADALIMUMAB'),(66,'HUMIRA'),(67,'HUMIRA'),(68,'HUMIRA'),(69,'ADALIMUMAB'),(70,'ASPIRIN'),(71,'HUMIRA'),(72,'HUMIRA'),(73,'HUMIRA'),(74,'ASPIRIN'),(75,'Spasfon'),(76,'HUMIRA'),(77,'ASPIRIN'),(78,'HUMIRA'),(79,'ASPIRIN'),(80,'ASPIRIN'),(81,'ASPIRIN'),(82,'HUMIRA'),(83,'HUMIRA'),(84,'HUMIRA'),(85,'HUMIRA'),(86,'MULTIVITAMINS ADULTS'),(87,'HUMIRA'),(88,'ASPIRIN'),(89,'HUMIRA'),(90,'HUMIRA'),(91,'HUMIRA'),(92,'HYRIMOZ'),(93,'HUMIRA'),(94,'Spasfon'),(95,'HYRIMOZ'),(96,'HUMIRA'),(97,'HUMIRA'),(98,'HUMIRA'),(99,'HUMIRA'),(100,'ACYCLOVIR'),(101,'ASPIRIN'),(102,'HUMIRA'),(103,'HUMIRA'),(104,'HUMIRA'),(105,'JADENNU 180MG'),(106,'HUMIRA'),(107,'HUMIRA'),(108,'HUMIRA'),(109,'HUMIRA'),(110,'HUMIRA'),(111,'HUMIRA'),(112,'ASPIRIN'),(113,'ASPIRIN'),(114,'ABRILADA'),(115,'ASPIRIN'),(116,'HUMIRA'),(117,'HUMIRA'),(118,'HUMIRA'),(119,'ACLIDINIUM BROMIDE'),(120,'ADALIMUMAB'),(121,'HUMIRA'),(122,'HUMIRA'),(123,'HUMIRA'),(124,'HYRIMOZ'),(125,'HUMIRA'),(126,'HUMIRA'),(127,'ACYCLOVIR'),(128,'EXCEDRIN'),(129,'TYLENOL'),(130,'HUMIRA'),(131,'HUMIRA'),(132,'HUMIRA'),(133,'ASPIRIN'),(134,'HUMIRA'),(135,'HYRIMOZ'),(136,'HYRIMOZ'),(137,'HUMIRA'),(138,'HUMIRA'),(139,'ALKA SELTZER PLUS COLD'),(140,'ASPIRIN'),(141,'HYRIMOZ'),(142,'ABRILADA'),(143,'HUMIRA'),(144,'HUMIRA'),(145,'HUMIRA'),(146,'HUMIRA'),(147,'ASPIRIN'),(148,'HUMIRA'),(149,'ADALIMUMAB'),(150,'HUMIRA'),(151,'ABRILADA'),(152,'HUMIRA'),(153,'ABRILADA'),(154,'HUMIRA'),(155,'ASPIRIN'),(156,'ASPIRIN'),(157,'HUMIRA'),(158,'ASPIRIN'),(159,'HUMIRA'),(160,'HUMIRA'),(161,'HUMIRA'),(162,'HUMIRA'),(163,'IDACIO'),(164,'ASPIRIN'),(165,'ADALIMUMAB'),(166,'HUMIRA'),(167,'ASPIRIN'),(168,'ACYCLOVIR'),(169,'ASPIRIN'),(170,'HUMIRA'),(171,'ASPIRIN'),(172,'HUMIRA'),(173,'HUMIRA'),(174,'HUMIRA'),(175,'HUMIRA'),(176,'ADALIMUMAB'),(177,'EXCEDRIN MIGRAINE'),(178,'HUMIRA'),(179,'HUMIRA'),(180,'HUMIRA'),(181,'HUMIRA'),(182,'HUMIRA'),(183,'HUMIRA'),(184,'HYRIMOZ'),(185,'HUMIRA'),(186,'ASPIRIN'),(187,'ASPIRIN'),(188,'HUMIRA'),(189,'HUMIRA'),(190,'HUMIRA'),(191,'HUMIRA'),(192,'ASPIRIN'),(193,'HUMIRA'),(194,'HUMIRA'),(195,'HUMIRA'),(196,'HUMIRA'),(197,'HUMIRA'),(198,'HUMIRA'),(199,'HUMIRA'),(200,'HUMIRA'),(201,'HUMIRA'),(202,'HUMIRA'),(203,'ASPIRIN'),(204,'ASPIRIN'),(205,'KARDEGIC'),(206,'ADALIMUMAB'),(207,'ASPIRIN'),(208,'ABRILADA'),(209,'HULIO'),(210,'HUMIRA'),(211,'ADALIMUMAB'),(212,'HUMIRA'),(213,'HUMIRA'),(214,'ABRILADA'),(215,'HUMIRA'),(216,'ABRILADA'),(217,'HUMIRA'),(218,'HUMIRA'),(219,'HUMIRA'),(220,'HUMIRA'),(221,'HUMIRA'),(222,'HUMIRA'),(223,'HUMIRA'),(224,'EXCEDRIN MIGRAINE'),(225,'ADALIMUMAB'),(226,'ABRILADA'),(227,'HUMIRA'),(228,'ADALIMUMAB'),(229,'HUMIRA'),(230,'HUMIRA'),(231,'ASPIRIN'),(232,'HUMIRA'),(233,'HUMIRA'),(234,'HUMIRA'),(235,'HUMIRA'),(236,'HUMIRA'),(237,'HUMIRA'),(238,'HUMIRA'),(239,'HUMIRA'),(240,'HUMIRA'),(241,'HUMIRA'),(242,'HULIO'),(243,'HUMIRA'),(244,'ACYCLOVIR'),(245,'ASPIRIN'),(246,'HUMIRA'),(247,'HUMIRA'),(248,'ACYCLOVIR'),(249,'HUMIRA'),(250,'ADALIMUMAB'),(251,'ADALIMUMAB'),(252,'HUMIRA'),(253,'HUMIRA'),(254,'HUMIRA'),(255,'HYRIMOZ'),(256,'HUMIRA'),(257,'ASPIRIN'),(258,'HUMIRA'),(259,'HUMIRA'),(260,'HUMIRA'),(261,'HUMIRA'),(262,'HUMIRA'),(263,'ASPIRIN'),(264,'ASPIRIN'),(265,'HUMIRA'),(266,'ACETAMINOPHENASPIRINCAFFEINE'),(267,'ASPIRIN'),(268,'ADALIMUMAB'),(269,'ASPIRIN'),(270,'HUMIRA'),(271,'ADALIMUMAB'),(272,'ASPIRIN'),(273,'ACYCLOVIR'),(274,'HUMIRA'),(275,'ASPIRIN'),(276,'HUMIRA'),(277,'HUMIRA'),(278,'ASPIRIN'),(279,'HUMIRA'),(280,'HUMIRA'),(281,'HUMIRA'),(282,'HUMIRA'),(283,'ADALIMUMAB'),(284,'ASPIRIN'),(285,'HUMIRA'),(286,'HUMIRA'),(287,'HUMIRA'),(288,'ASPIRIN'),(289,'KARDEGIC'),(290,'HUMIRA'),(291,'HUMIRA'),(292,'HUMIRA'),(293,'CARDIOMAGNYL'),(294,'HUMIRA'),(295,'HUMIRA'),(296,'HUMIRA'),(297,'HUMIRA'),(298,'HUMIRA'),(299,'ADALIMUMAB'),(300,'HUMIRA'),(301,'HUMIRA'),(302,'ADALIMUMAB'),(303,'ADALIMUMAB'),(304,'HUMIRA'),(305,'HUMIRA'),(306,'ASPIRIN'),(307,'ASPIRIN'),(308,'HUMIRA'),(309,'HUMIRA'),(310,'EQUATE ASPIRIN'),(311,'HUMIRA'),(312,'HUMIRA'),(313,'ASPIRIN'),(314,'HUMIRA'),(315,'HUMIRA'),(316,'HUMIRA'),(317,'ACYCLOVIR'),(318,'HUMIRA'),(319,'HUMIRA'),(320,'HUMIRA'),(321,'HUMIRA'),(322,'ASPIRIN'),(323,'HUMIRA'),(324,'HUMIRA'),(325,'ASPIRIN'),(326,'HUMIRA'),(327,'HUMIRA'),(328,'HUMIRA'),(329,'HUMIRA'),(330,'ABRILADA'),(331,'HYRIMOZ'),(332,'HYRIMOZ'),(333,'SALOFALK'),(334,'HUMIRA'),(335,'ADALIMUMAB'),(336,'HUMIRA'),(337,'HUMIRA'),(338,'HUMIRA'),(339,'HUMIRA'),(340,'HUMIRA'),(341,'ASPIRIN'),(342,'ADALIMUMAB'),(343,'HUMIRA'),(344,'HUMIRA'),(345,'HYRIMOZ'),(346,'HUMIRA'),(347,'ZOVIRAX'),(348,'HUMIRA'),(349,'ACYCLOVIR'),(350,'HUMIRA'),(351,'HUMIRA'),(352,'ACYCLOVIR'),(353,'AMJEVITA'),(354,'ADALIMUMAB'),(355,'HUMIRA'),(356,'HUMIRA'),(357,'HUMIRA'),(358,'HUMIRA'),(359,'ASPIRINCLOPIDOGREL BISULFATE'),(360,'ASPIRIN'),(361,'HUMIRA'),(362,'HUMIRA'),(363,'HUMIRA'),(364,'HUMIRA'),(365,'HUMIRA'),(366,'HYRIMOZ'),(367,'HUMIRA'),(368,'HUMIRA'),(369,'HUMIRA'),(370,'HUMIRA'),(371,'HUMIRA'),(372,'HUMIRA'),(373,'HUMIRA'),(374,'HUMIRA'),(375,'HUMIRA'),(376,'HUMIRA'),(377,'Moderna COVID-19 Vaccination'),(378,'HUMIRA'),(379,'ACYCLOVIR'),(380,'ASPIRIN'),(381,'HUMIRA'),(382,'HUMIRA'),(383,'HUMIRA'),(384,'ADALIMUMAB'),(385,'HUMIRA'),(386,'KARDEGIC'),(387,'HUMIRA'),(388,'HUMIRA'),(389,'TRETINOIN'),(390,'HUMIRA'),(391,'ADALIMUMAB'),(392,'HUMIRA'),(393,'HUMIRA'),(394,'HUMIRA'),(395,'HUMIRA'),(396,'HUMIRA'),(397,'HUMIRA'),(398,'ASPIRIN'),(399,'ASPIRIN'),(400,'ASPIRIN'),(401,'HUMIRA'),(402,'DESOXIMETAS CRE'),(403,'ADALIMUMAB'),(404,'HUMIRA'),(405,'HUMIRA'),(406,'KARDEGIC'),(407,'HUMIRA'),(408,'HUMIRA'),(409,'HUMIRA'),(410,'HUMIRA'),(411,'HUMIRA'),(412,'HUMIRA'),(413,'AGGRENOX'),(414,'HUMIRA'),(415,'HUMIRA'),(416,'ACYCLOVIR'),(417,'HUMIRA'),(418,'HUMIRA'),(419,'HUMIRA'),(420,'ASPIRIN'),(421,'HUMIRA'),(422,'HUMIRA'),(423,'HUMIRA'),(424,'HUMIRA'),(425,'HUMIRA'),(426,'HUMIRA'),(427,'HUMIRA'),(428,'HUMIRA'),(429,'HUMIRA'),(430,'HUMIRA'),(431,'ASPIRIN'),(432,'HUMIRA'),(433,'HUMIRA'),(434,'HUMIRA'),(435,'HUMIRA'),(436,'HUMIRA'),(437,'HUMIRA'),(438,'HUMIRA'),(439,'HUMIRA'),(440,'HUMIRA'),(441,'HUMIRA'),(442,'ACYCLOVIR'),(443,'HUMIRA'),(444,'ASPIRIN'),(445,'HUMIRA'),(446,'HUMIRA'),(447,'HUMIRA'),(448,'HUMIRA'),(449,'HUMIRA'),(450,'HYRIMOZ'),(451,'HUMIRA'),(452,'HUMIRA'),(453,'HUMIRA'),(454,'HUMIRA'),(455,'HUMIRA'),(456,'KARDEGIC'),(457,'ACYCLOVIR'),(458,'ADALIMUMAB'),(459,'HUMIRA'),(460,'HUMIRA'),(461,'ACYCLOVIR'),(462,'ACYCLOVIR'),(463,'HUMIRA'),(464,'HUMIRA'),(465,'HUMIRA'),(466,'HUMIRA'),(467,'HUMIRA'),(468,'ASPIRIN'),(469,'HUMIRA'),(470,'HYRIMOZ'),(471,'ASPIRIN'),(472,'HUMIRA'),(473,'HUMIRA'),(474,'HYRIMOZ'),(475,'ADALIMUMAB'),(476,'HUMIRA'),(477,'HUMIRA'),(478,'HUMIRA'),(479,'HUMIRA'),(480,'nasal gel'),(481,'ASPIRIN'),(482,'HUMIRA'),(483,'ASPIRIN'),(484,'ACYCLOVIR'),(485,'HUMIRA'),(486,'HUMIRA'),(487,'HUMIRA'),(488,'ASPIRIN'),(489,'HUMIRA'),(490,'ASPIRIN'),(491,'HUMIRA'),(492,'HUMIRA'),(493,'HUMIRA'),(494,'ADALIMUMAB'),(495,'HUMIRA'),(496,'HUMIRA'),(497,'HUMIRA'),(498,'HUMIRA'),(499,'ASPIRIN'),(500,'HUMIRA'),(501,'HUMIRA'),(502,'ACTARIT'),(503,'HUMIRA'),(504,'HUMIRA'),(505,'HUMIRA'),(506,'ASCRIPTIN'),(507,'ASPIRIN'),(508,'HUMIRA'),(509,'ASPIRIN'),(510,'HYRIMOZ'),(511,'HUMIRA'),(512,'ASPIRIN'),(513,'HUMIRA'),(514,'ADALIMUMAB'),(515,'HUMIRA'),(516,'HYRIMOZ'),(517,'HUMIRA'),(518,'ADALIMUMAB'),(519,'HUMIRA'),(520,'ASPIRIN'),(521,'HUMIRA'),(522,'HUMIRA'),(523,'ACYCLOVIR'),(524,'HUMIRA'),(525,'ASPIRIN'),(526,'ABRILADA'),(527,'HUMIRA'),(528,'ADALIMUMAB'),(529,'HUMIRA'),(530,'HUMIRA'),(531,'ADALIMUMAB'),(532,'IMMUNOGLOBULIN'),(533,'ASPIRIN'),(534,'HUMIRA'),(535,'HUMIRA'),(536,'ABRILADA'),(537,'HUMIRA'),(538,'HUMIRA'),(539,'HUMIRA'),(540,'HUMIRA'),(541,'HUMIRA'),(542,'ADALIMUMAB'),(543,'HUMIRA'),(544,'ASPIRIN'),(545,'HUMIRA'),(546,'ACYCLOVIR'),(547,'HYRIMOZ'),(548,'HUMIRA'),(549,'ASPIRIN'),(550,'ASPIRIN'),(551,'ASPIRIN'),(552,'HUMIRA'),(553,'ASPIRIN'),(554,'ASPIRIN'),(555,'HUMIRA'),(556,'HUMIRA'),(557,'HYRIMOZ'),(558,'HUMIRA'),(559,'ASPIRIN'),(560,'HUMIRA'),(561,'ASPIRIN'),(562,'HUMIRA'),(563,'HUMIRA'),(564,'ABRILADA'),(565,'ASPIRIN'),(566,'HUMIRA'),(567,'HUMIRA'),(568,'HUMIRA'),(569,'ASPIRIN'),(570,'HUMIRA'),(571,'ADALIMUMAB'),(572,'ADALIMUMAB'),(573,'HUMIRA'),(574,'HUMIRA'),(575,'HUMIRA'),(576,'HUMIRA'),(577,'HUMIRA'),(578,'HUMIRA'),(579,'HUMIRA'),(580,'HUMIRA'),(581,'ASPIRIN'),(582,'HUMIRA'),(583,'ADALIMUMAB'),(584,'HUMIRA'),(585,'HUMIRA'),(586,'HUMIRA'),(587,'HUMIRA'),(588,'ASPIRIN'),(589,'HUMIRA'),(590,'ASPIRIN'),(591,'ASPIRIN'),(592,'HUMIRA'),(593,'HUMIRA'),(594,'ADALIMUMAB'),(595,'ASCRIPTIN'),(596,'HUMIRA'),(597,'HUMIRA'),(598,'HUMIRA'),(599,'HUMIRA'),(600,'ASPIRIN'),(601,'ASPIRIN'),(602,'ASPIRIN'),(603,'HUMIRA'),(604,'HUMIRA'),(605,'HUMIRA'),(606,'ASPIRIN'),(607,'ASPIRIN'),(608,'HUMIRA'),(609,'ACYCLOVIR'),(610,'HUMIRA'),(611,'HUMIRA'),(612,'ASPIRIN'),(613,'HUMIRA'),(614,'ASPIRIN'),(615,'HUMIRA'),(616,'HUMIRA'),(617,'HYRIMOZ'),(618,'ASPIRIN'),(619,'HUMIRA'),(620,'HUMIRA'),(621,'HUMIRA'),(622,'HUMIRA'),(623,'HUMIRA'),(624,'HUMIRA'),(625,'ASPIRIN'),(626,'HUMIRA'),(627,'HUMIRA'),(628,'ADALIMUMAB'),(629,'ASPIRIN'),(630,'HUMIRA'),(631,'ASPIRIN'),(632,'HUMIRA'),(633,'ASPIRIN'),(634,'HUMIRA'),(635,'HUMIRA'),(636,'KARDEGIC'),(637,'HUMIRA'),(638,'ASPIRIN'),(639,'HUMIRA'),(640,'HYRIMOZ'),(641,'HUMIRA'),(642,'HUMIRA'),(643,'HUMIRA'),(644,'HUMIRA'),(645,'ADALIMUMAB'),(646,'HUMIRA'),(647,'HUMIRA'),(648,'ACYCLOVIR'),(649,'HUMIRA'),(650,'ACYCLOVIR'),(651,'ACYCLOVIR'),(652,'HUMIRA'),(653,'HUMIRA'),(654,'HUMIRA'),(655,'HUMIRA'),(656,'ADALIMUMAB'),(657,'HUMIRA'),(658,'HUMIRA'),(659,'HUMIRA'),(660,'ASPIRIN'),(661,'HUMIRA'),(662,'HUMIRA'),(663,'HUMIRA'),(664,'HUMIRA'),(665,'HUMIRA'),(666,'HYRIMOZ'),(667,'KARDEGIC'),(668,'HUMIRA'),(669,'HUMIRA'),(670,'HYRIMOZ'),(671,'HUMIRA'),(672,'HUMIRA'),(673,'HUMIRA'),(674,'ASPIRIN'),(675,'ASPIRIN'),(676,'HUMIRA'),(677,'ACYCLOVIR'),(678,'ABRILADA'),(679,'ASPIRIN'),(680,'ASPIRIN'),(681,'HUMIRA'),(682,'ASPIRIN'),(683,'ABRILADA'),(684,'HUMIRA'),(685,'HUMIRA'),(686,'KARDEGIC'),(687,'HUMIRA'),(688,'ASPIRIN'),(689,'ASPIRIN'),(690,'HUMIRA'),(691,'ADALIMUMAB'),(692,'HUMIRA'),(693,'HUMIRA'),(694,'HUMIRA'),(695,'HUMIRA'),(696,'HUMIRA'),(697,'HUMIRA'),(698,'HUMIRA'),(699,'HUMIRA'),(700,'HUMIRA'),(701,'HUMIRA'),(702,'HUMIRA'),(703,'HUMIRA'),(704,'HUMIRA'),(705,'HUMIRA'),(706,'ASPIRIN'),(707,'ADALIMUMAB'),(708,'HUMIRA'),(709,'HUMIRA'),(710,'HUMIRA'),(711,'EXCEDRIN MIGRAINE'),(712,'HUMIRA'),(713,'HUMIRA'),(714,'ASPIRIN'),(715,'HUMIRA'),(716,'HUMIRA'),(717,'JANSSEN COVID-19 VACCINE'),(718,'HUMIRA'),(719,'HUMIRA'),(720,'ABRILADA'),(721,'ACYCLOVIR'),(722,'HUMIRA'),(723,'HUMIRA'),(724,'ADALIMUMAB'),(725,'HUMIRA'),(726,'ADALIMUMAB'),(727,'IDACIO'),(728,'HYRIMOZ'),(729,'HUMIRA'),(730,'HUMIRA'),(731,'HUMIRA'),(732,'METAGENICS ULTRA FLORA RESTORE'),(733,'HUMIRA'),(734,'HUMIRA'),(735,'HUMIRA'),(736,'HUMIRA'),(737,'HUMIRA'),(738,'KARDEGIC'),(739,'HUMIRA'),(740,'HUMIRA'),(741,'HUMIRA'),(742,'ASPIRIN'),(743,'HUMIRA'),(744,'HUMIRA'),(745,'HUMIRA'),(746,'C-TREPROSTINIL(3ML)RM'),(747,'HUMIRA'),(748,'HUMIRA'),(749,'HUMIRA'),(750,'HUMIRA'),(751,'HUMIRA'),(752,'HUMIRA'),(753,'HUMIRA'),(754,'HUMIRA'),(755,'HUMIRA'),(756,'ASPIRIN'),(757,'HUMIRA'),(758,'HUMIRA'),(759,'ASPIRIN'),(760,'HUMIRA'),(761,'ASPIRIN'),(762,'HUMIRA'),(763,'ADALIMUMAB'),(764,'HUMIRA'),(765,'ASPIRIN'),(766,'HUMIRA'),(767,'ADALIMUMAB'),(768,'ASPIRIN'),(769,'ADALIMUMAB'),(770,'HUMIRA'),(771,'ASPIRIN'),(772,'HUMIRA'),(773,'HUMIRA'),(774,'HYRIMOZ'),(775,'HUMIRA'),(776,'ADALIMUMAB'),(777,'HUMIRA'),(778,'HYRIMOZ'),(779,'HUMIRA'),(780,'HUMIRA'),(781,'HUMIRA'),(782,'ASPIRIN'),(783,'HUMIRA'),(784,'HUMIRA'),(785,'ADALIMUMAB'),(786,'ASPIRIN'),(787,'HUMIRA'),(788,'ASPIRIN'),(789,'HUMIRA'),(790,'KARDEGIC'),(791,'HYRIMOZ'),(792,'ABRILADA'),(793,'HUMIRA'),(794,'HUMIRA'),(795,'ADALIMUMAB'),(796,'HUMIRA'),(797,'ADALIMUMAB'),(798,'HUMIRA'),(799,'HUMIRA'),(800,'HUMIRA'),(801,'KARDEGIC'),(802,'ASPIRIN'),(803,'HUMIRA'),(804,'HUMIRA'),(805,'HUMIRA'),(806,'ACYCLOVIR'),(807,'HUMIRA'),(808,'HUMIRA'),(809,'HUMIRA'),(810,'HUMIRA'),(811,'HUMIRA'),(812,'ADALIMUMAB'),(813,'IDACIO'),(814,'HUMIRA'),(815,'ASPIRIN'),(816,'HUMIRA'),(817,'ACYCLOVIR'),(818,'HUMIRA'),(819,'ASPIRIN'),(820,'HUMIRA'),(821,'HUMIRA'),(822,'ABRILADA'),(823,'HYRIMOZ'),(824,'HUMIRA'),(825,'HUMIRA'),(826,'ASPIRIN'),(827,'HUMIRA'),(828,'HUMIRA'),(829,'HUMIRA'),(830,'HUMIRA'),(831,'ADALIMUMAB'),(832,'HUMIRA'),(833,'KARDEGIC'),(834,'HYRIMOZ'),(835,'HUMIRA'),(836,'HUMIRA'),(837,'HUMIRA'),(838,'HUMIRA'),(839,'HUMIRA'),(840,'HUMIRA'),(841,'HUMIRA'),(842,'HUMIRA'),(843,'ASPIRIN'),(844,'HUMIRA'),(845,'HUMIRA'),(846,'HUMIRA'),(847,'HUMIRA'),(848,'HUMIRA'),(849,'HUMIRA'),(850,'HUMIRA'),(851,'ASPIRIN'),(852,'HUMIRA'),(853,'HUMIRA'),(854,'HUMIRA'),(855,'HUMIRA'),(856,'ASPIRIN'),(857,'PAIN OR MIGRAINE'),(858,'HUMIRA'),(859,'HUMIRA'),(860,'HUMIRA'),(861,'HUMIRA'),(862,'HUMIRA'),(863,'HUMIRA'),(864,'HUMIRA'),(865,'HUMIRA'),(866,'HUMIRA'),(867,'ASPIRIN'),(868,'HUMIRA'),(869,'ASPIRIN'),(870,'HUMIRA'),(871,'HUMIRA'),(872,'HYRIMOZ'),(873,'HUMIRA'),(874,'HYRIMOZ'),(875,'HUMIRA'),(876,'HUMIRA'),(877,'HUMIRA'),(878,'HUMIRA'),(879,'HUMIRA'),(880,'HUMIRA'),(881,'HUMIRA'),(882,'ABRILADA'),(883,'HUMIRA'),(884,'ASPIRIN'),(885,'HUMIRA'),(886,'HUMIRA'),(887,'HYRIMOZ'),(888,'HUMIRA'),(889,'HUMIRA'),(890,'HYRIMOZ'),(891,'ADALIMUMAB'),(892,'HUMIRA'),(893,'HUMIRA'),(894,'HUMIRA'),(895,'HUMIRA'),(896,'ADALIMUMAB'),(897,'HUMIRA'),(898,'HYRIMOZ'),(899,'HUMIRA'),(900,'HUMIRA'),(901,'ABRILADA'),(902,'HUMIRA'),(903,'ASPIRIN'),(904,'ASPIRIN'),(905,'HUMIRA'),(906,'HYRIMOZ'),(907,'HUMIRA'),(908,'HUMIRA'),(909,'ASPIRIN'),(910,'ACYCLOVIR'),(911,'KRAZATI'),(912,'HUMIRA'),(913,'HUMIRA'),(914,'ASPIRIN'),(915,'HUMIRA'),(916,'HUMIRA'),(917,'HUMIRA'),(918,'HUMIRA'),(919,'ASPIRIN'),(920,'ASPIRIN'),(921,'HUMIRA'),(922,'ASPIRIN'),(923,'HUMIRA'),(924,'ABRILADA'),(925,'ASPIRIN'),(926,'HUMIRA'),(927,'HUMIRA'),(928,'HUMIRA'),(929,'YUFLYMA'),(930,'ASPIRIN'),(931,'HUMIRA'),(932,'HUMIRA'),(933,'HUMIRA'),(934,'HUMIRA'),(935,'HUMIRA'),(936,'HUMIRA'),(937,'HUMIRA'),(938,'HYRIMOZ'),(939,'HUMIRA'),(940,'ASPIRIN'),(941,'ASPIRIN DL-LYSINE'),(942,'HUMIRA'),(943,'HUMIRA'),(944,'Oxycodone/naloxone g.l.'),(945,'HUMIRA'),(946,'HUMIRA'),(947,'HUMIRA'),(948,'HUMIRA'),(949,'HUMIRA'),(950,'ASPIRIN'),(951,'HUMIRA'),(952,'HUMIRA'),(953,'HUMIRA'),(954,'HUMIRA'),(955,'HUMIRA'),(956,'ASPIRIN'),(957,'HUMIRA'),(958,'ADALIMUMAB'),(959,'ACYCLOVIR'),(960,'HUMIRA'),(961,'ASPIRIN'),(962,'ACYCLOVIR'),(963,'ACYCLOVIR'),(964,'HYRIMOZ'),(965,'ABRILADA'),(966,'HUMIRA'),(967,'ADALIMUMAB'),(968,'HUMIRA'),(969,'HUMIRA'),(970,'HUMIRA'),(971,'HUMIRA'),(972,'HUMIRA'),(973,'HUMIRA'),(974,'ASPIRIN'),(975,'HUMIRA'),(976,'ACETAMINOPHENASPIRIN'),(977,'vit. d'),(978,'ASPIRIN'),(979,'HUMIRA'),(980,'HYRIMOZ'),(981,'HUMIRA'),(982,'HUMIRA'),(983,'BAYER ASPIRIN EXTRA STRENGTH CAPLETS'),(984,'HUMIRA'),(985,'HUMIRA'),(986,'HUMIRA'),(987,'HUMIRA'),(988,'HUMIRA'),(989,'HUMIRA'),(990,'HUMIRA'),(991,'HUMIRA'),(992,'HUMIRA'),(993,'HUMIRA'),(994,'HUMIRA'),(995,'ADALIMUMAB'),(996,'ASPIRIN'),(997,'ACYCLOVIR'),(998,'HUMIRA'),(999,'HUMIRA'),(1000,'HUMIRA'),(1001,'HUMIRA'),(1002,'HUMIRA'),(1003,'HUMIRA'),(1004,'HUMIRA'),(1005,'HUMIRA'),(1006,'HUMIRA'),(1007,'HUMIRA'),(1008,'ABRILADA'),(1009,'HUMIRA'),(1010,'ASPIRIN'),(1011,'HUMIRA'),(1012,'HUMIRA'),(1013,'HUMIRA'),(1014,'ABRILADA'),(1015,'HUMIRA'),(1016,'TRAMADOL'),(1017,'HUMIRA'),(1018,'ADALIMUMAB'),(1019,'ASPIRIN'),(1020,'HUMIRA'),(1021,'HUMIRA'),(1022,'HUMIRA'),(1023,'HUMIRA'),(1024,'ADALIMUMAB'),(1025,'HUMIRA'),(1026,'Pfizer/BioNTech'),(1027,'HUMIRA'),(1028,'HUMIRA'),(1029,'FERROSULFAT'),(1030,'IMRALDI'),(1031,'KARDEGIC'),(1032,'ASPIRIN'),(1033,'ADALIMUMAB'),(1034,'HUMIRA'),(1035,'ZOVIRAX'),(1036,'HUMIRA'),(1037,'ADALIMUMAB'),(1038,'ASPIRIN'),(1039,'HUMIRA'),(1040,'HUMIRA'),(1041,'HUMIRA'),(1042,'HUMIRA'),(1043,'ASPIRIN'),(1044,'ASPIRIN'),(1045,'HUMIRA'),(1046,'HUMIRA'),(1047,'ADALIMUMAB'),(1048,'HUMIRA'),(1049,'HUMIRA'),(1050,'ASPIRIN'),(1051,'HUMIRA'),(1052,'ASPIRIN'),(1053,'ABRILADA'),(1054,'ASPIRIN'),(1055,'HUMIRA'),(1056,'ASPIRIN'),(1057,'HUMIRA'),(1058,'HUMIRA'),(1059,'HUMIRA'),(1060,'HUMIRA'),(1061,'ASPIRIN'),(1062,'HUMIRA'),(1063,'ASPIRIN'),(1064,'ADALIMUMAB'),(1065,'ASPIRIN'),(1066,'ACLIDINIUM BROMIDEFORMOTEROL FUMARATE'),(1067,'ACYCLOVIR'),(1068,'ASPIRIN'),(1069,'ASPIRIN'),(1070,'HUMIRA'),(1071,'ADALIMUMAB'),(1072,'HUMIRA'),(1073,'ADALIMUMAB'),(1074,'HUMIRA'),(1075,'ASPIRIN'),(1076,'HUMIRA'),(1077,'HUMIRA'),(1078,'HUMIRA'),(1079,'HUMIRA'),(1080,'HUMIRA'),(1081,'HUMIRA'),(1082,'HUMIRA'),(1083,'ADALIMUMAB'),(1084,'ASPIRIN'),(1085,'HUMIRA'),(1086,'ASPIRIN'),(1087,'HUMIRA'),(1088,'ACYCLOVIR'),(1089,'ASPIRIN'),(1090,'ASPIRIN'),(1091,'ASPIRIN'),(1092,'HUMIRA'),(1093,'HUMIRA'),(1094,'ADALIMUMAB'),(1095,'HUMIRA'),(1096,'HUMIRA'),(1097,'ASPIRIN'),(1098,'ASPIRIN'),(1099,'HUMIRA'),(1100,'HUMIRA'),(1101,'HUMIRA'),(1102,'HUMIRA'),(1103,'HUMIRA'),(1104,'HUMIRA'),(1105,'HUMIRA'),(1106,'SARS-CoV-2 vaccine'),(1107,'HUMIRA'),(1108,'ASPIRIN'),(1109,'HUMIRA'),(1110,'ASPIRIN'),(1111,'HUMIRA'),(1112,'HUMIRA'),(1113,'ADALIMUMAB'),(1114,'HUMIRA'),(1115,'HUMIRA'),(1116,'HUMIRA'),(1117,'ASPIRIN'),(1118,'HUMIRA'),(1119,'ASPIRIN'),(1120,'HUMIRA'),(1121,'ASPIRIN'),(1122,'HUMIRA'),(1123,'HUMIRA'),(1124,'KARDEGIC'),(1125,'HUMIRA'),(1126,'HUMIRA'),(1127,'HUMIRA'),(1128,'HUMIRA'),(1129,'HUMIRA'),(1130,'HUMIRA'),(1131,'HUMIRA'),(1132,'HUMIRA'),(1133,'HUMIRA'),(1134,'ABRILADA'),(1135,'HUMIRA'),(1136,'HUMIRA'),(1137,'ACYCLOVIR'),(1138,'HUMIRA'),(1139,'HUMIRA'),(1140,'ABRILADA'),(1141,'KARDEGIC'),(1142,'HUMIRA'),(1143,'ASPIRIN'),(1144,'ASPIRIN'),(1145,'ADALIMUMAB'),(1146,'HUMIRA'),(1147,'HUMIRA'),(1148,'HUMIRA'),(1149,'ABRILADA'),(1150,'HUMIRA'),(1151,'ASPIRIN'),(1152,'ADALIMUMAB'),(1153,'ACYCLOVIR'),(1154,'ASPIRIN'),(1155,'ASPIRIN'),(1156,'ABRILADA'),(1157,'HUMIRA'),(1158,'HUMIRA'),(1159,'HUMIRA'),(1160,'ASPIRIN'),(1161,'HUMIRA'),(1162,'HUMIRA'),(1163,'HUMIRA'),(1164,'ASPIRIN'),(1165,'HUMIRA'),(1166,'HUMIRA'),(1167,'ABRILADA'),(1168,'ASPIRIN'),(1169,'HUMIRA'),(1170,'ASPIRIN'),(1171,'HUMIRA'),(1172,'ASPIRIN'),(1173,'ABRILADA'),(1174,'HUMIRA'),(1175,'HUMIRA'),(1176,'HUMIRA'),(1177,'HUMIRA'),(1178,'HUMIRA'),(1179,'ASPIRIN'),(1180,'ASPIRIN'),(1181,'HUMIRA'),(1182,'HUMIRA'),(1183,'HUMIRA'),(1184,'HUMIRA'),(1185,'HUMIRA'),(1186,'ASPIRIN'),(1187,'HUMIRA'),(1188,'EXCEDRIN MIGRAINE'),(1189,'HUMIRA'),(1190,'ASPIRIN'),(1191,'ABRILADA'),(1192,'HUMIRA'),(1193,'HUMIRA'),(1194,'FINDOL [IBUPROFEN]'),(1195,'ABRILADA'),(1196,'HUMIRA'),(1197,'ADALIMUMAB'),(1198,'HUMIRA'),(1199,'ASPIRIN'),(1200,'ACYCLOVIR'),(1201,'HUMIRA'),(1202,'HUMIRA'),(1203,'HUMIRA');
/*!40000 ALTER TABLE `product` ENABLE KEYS */;
UNLOCK TABLES;
/*!40103 SET TIME_ZONE=@OLD_TIME_ZONE */;

/*!40101 SET SQL_MODE=@OLD_SQL_MODE */;
/*!40014 SET FOREIGN_KEY_CHECKS=@OLD_FOREIGN_KEY_CHECKS */;
/*!40014 SET UNIQUE_CHECKS=@OLD_UNIQUE_CHECKS */;
/*!40101 SET CHARACTER_SET_CLIENT=@OLD_CHARACTER_SET_CLIENT */;
/*!40101 SET CHARACTER_SET_RESULTS=@OLD_CHARACTER_SET_RESULTS */;
/*!40101 SET COLLATION_CONNECTION=@OLD_COLLATION_CONNECTION */;
/*!40111 SET SQL_NOTES=@OLD_SQL_NOTES */;

-- Dump completed on 2024-12-05 12:59:08
